회사명,시장구분,종목코드,업종,주요제품,상장일,결산월,대표자명,홈페이지,지역
케이뱅크,유가,279570,은행 및 저축기관,은행 및 저축기관,2026-03-05,12월,최우형,http://www.kbanknow.com,서울특별시
티엠씨,유가,217590,절연선 및 케이블 제조업,"선박용케이블, 해양용케이블, 전력용케이블, 광케이블 등",2025-12-15,12월,지영완,http://www.tmccable.com,충청남도
삼성에피스홀딩스,유가,0126Z0,기타 금융업,지주회사,2025-11-24,12월,김경아,http://www.samsungepisholdings.com,인천광역시
삼양바이오팜,유가,0120G0,의약품 제조업,의료기기 및 의약품,2025-11-24,12월,김경진,http://www.samyangbiopharm.com,경기도
명인제약,유가,317450,의약품 제조업,"신경정신계열, 구강계열 완제의약품",2025-10-01,12월,"이관순,차봉권",http://www.myunginph.co.kr,경기도
대한조선,유가,439260,선박 및 보트 건조업,선박 및 보트 건조업,2025-08-01,12월,"왕삼동, 이석문",http://www.daehanship.com,전라남도
대한조선,유가,439260,선박 및 보트 건조업,선박 및 보트 건조업,2025-08-01,12월,"왕삼동, 이석문",http://www.daehanship.com,전남광주통합특별시
대신밸류리츠,유가,0030R0,신탁업 및 집합투자업,부동산 임대,2025-07-10,08월,김광진,http://www.daishinvaluereit.com/,서울특별시
달바글로벌,유가,483650,기타 화학제품 제조업,"기초 화장품, 건강기능식품 등",2025-05-22,12월,반성연,http://dalbaglobal.com,서울특별시
씨케이솔루션,유가,480370,일반 목적용 기계 제조업,"드라이룸/클린룸 등 건물용 기계, 장비 설치 공사업",2025-03-17,12월,"김유곤, 안근표 (공동 대표이사)",http://www.cksolution.co.kr/,경기도
서울보증보험,유가,031210,보험업,"보증보험, 신용보험 등",2025-03-14,12월,이명순,http://www.sgic.co.kr,서울특별시
LG씨엔에스,유가,064400,"컴퓨터 프로그래밍, 시스템 통합 및 관리업","컨설팅, 시스템 구축/운영, 토탈 아웃소싱 및 AI, 클라우드·스마트팩토리 등 IT신기술 기반의 DX사업",2025-02-05,12월,현신균,http://www.lgcns.com,서울특별시
GS피앤엘,유가,499790,기타 금융업,지주회사,2024-12-23,12월,박민수,http://www.gspnl.com,서울특별시
엠앤씨솔루션,유가,484870,특수 목적용 기계 제조업,방위산업용 유압식/전기식 부품 및 시스템,2024-12-16,12월,김병근,http://www.mncsolution.com,경상남도
KB발해인프라,유가,415640,신탁업 및 집합투자업,,2024-11-29,12월,법인이사 케이비자산운용(주),,서울특별시
더본코리아,유가,475560,상품 종합 도매업,프랜차이즈,2024-11-06,12월,백종원,http://www.theborn.co.kr/,서울특별시
한화비전,유가,489790,통신 및 방송 장비 제조업,비금융지주회사,2024-09-27,12월,김기철,http://www.hanwhavision.com,경기도
전진건설로봇,유가,079900,특수 목적용 기계 제조업,콘크리트 펌프카,2024-08-19,12월,"고현국, 이형환 (각자대표)",,충청북도
HS효성,유가,487570,기타 금융업,지주사업,2024-07-29,12월,"노기수, 안성훈 (각자 대표이사)",http://www.hshyosung.com,서울특별시
산일전기,유가,062040,"전동기, 발전기 및 전기 변환 · 공급 · 제어 장치 제조업","유입, 몰드, 주상, 건식 변압기 등",2024-07-29,12월,"박동석, 한익희 (공동대표)",http://www.sanil.co.kr,경기도
시프트업,유가,462870,소프트웨어 개발 및 공급업,게임 소프트웨어,2024-07-11,12월,김형태,http://shiftup.co.kr,서울특별시
신한글로벌액티브리츠,유가,481850,신탁업 및 집합투자업,신탁 및 집합투자,2024-07-01,02월,조준우,http://shglobalreit.com,서울특별시
파라다이스,유가,034230,유원지 및 기타 오락관련 서비스업,"카지노, 호텔, 복합리조트",2024-06-24,12월,"최종환, 임준신 (각자대표)",http://www.paradise.co.kr/ko/main,서울특별시
HD현대마린솔루션,유가,443060,"건축기술, 엔지니어링 및 관련 기술 서비스업","AM(After Market) 솔루션, 친환경 Retrofit, 디지털 제어",2024-05-08,12월,김성준,http://www.hd-marinesolution.com/,경기도
SK이터닉스,유가,475150,건물 건설업,부동산 개발,2024-03-29,12월,김해중,http://www.sketernix.com,경기도
에이피알,유가,278470,기타 화학제품 제조업,"화장품, 피부미용기기 등",2024-02-27,12월,김병훈,http://apr-in.com,서울특별시
엘앤에프,유가,066970,일차전지 및 이차전지 제조업,이차전지 양극활물질,2024-01-29,12월,허제홍,http://www.landf.co.kr/,대구광역시
포스코DX,유가,022100,"건축기술, 엔지니어링 및 관련 기술 서비스업",EIC 자동화 엔지니어링 및 IT서비스,2024-01-02,12월,심민석,http://www.poscodx.com/kor/,경상북도
DS단석,유가,017860,기타 화학제품 제조업,바이오에너지,2023-12-22,12월,한승욱,http://dsdansuk.com,경기도
동인기연,유가,111380,"가죽, 가방 및 유사제품 제조업","스포츠용품(등산용가방,골프백),금속압형제품,유아용품 제조,도소매,통신 판매/부동산 임대",2023-11-21,12월,정인수,http://www.dong-in.com/,경기도
에코프로머티,유가,450080,일차전지 및 이차전지 제조업,배터리 양극재용 핵심소재 하이니켈 전구체,2023-11-17,12월,이규봉,http://ecopromaterials.com/,경상북도
두산로보틱스,유가,454910,특수 목적용 기계 제조업,협동로봇,2023-10-05,12월,"박인원, 김민표, 조길성",http://www.doosanrobotics.com,경기도
STX그린로지스,유가,465770,해상 운송업,해상운송업 및 물류업,2023-09-15,12월,유재호,http://www.stxgreenlogis.co.kr/,부산광역시
넥스틸,유가,092790,1차 철강 제조업,"OCTG Pipe, Line Pipe, Standard Pipe, 일반관",2023-08-21,12월,"김이용, 박영회(각자 대표이사)",http://www.nexteel.co.kr,경상북도
NICE평가정보,유가,030190,기타 정보 서비스업,"개인 및 기업정보, 솔루션",2023-08-08,12월,김종윤,,서울특별시
조선내화,유가,462520,"내화, 비내화 요업제품 제조업",내화 요업제품,2023-07-28,12월,최광철,,전남광주통합특별시
조선내화,유가,462520,"내화, 비내화 요업제품 제조업",내화 요업제품,2023-07-28,12월,최광철,,전라남도
비에이치,유가,090460,전자부품 제조업,FPCB (연성인쇄회로기판),2023-06-20,12월,최영식,http://www.bhe.co.kr,인천광역시
동국씨엠,유가,460850,1차 철강 제조업,"냉연강판, 칼라강판",2023-06-16,12월,박상훈,http://www.dongkukcm.com,서울특별시
동국제강,유가,460860,1차 철강 제조업,"봉강,형강,후판,냉연강판,칼라강판",2023-06-16,12월,최삼영,http://www.dongkuksteel.com,서울특별시
이수스페셜티케미컬,유가,457190,기초 화학물질 제조업,석유화학제품 및 정밀화학제품,2023-05-31,12월,류승호,http://www.isuspecialtychemical.com,서울특별시
OCI,유가,456040,기초 화학물질 제조업,"폴리실리콘,타르제품,카본블랙,무수프탈산,농약원제,석탄화학제품,정밀화학제품,플라스틱창호재 제조,판매",2023-05-30,12월,김유신,,서울특별시
SK오션플랜트,유가,100090,1차 철강 제조업,해상풍력 하부구조물,2023-04-19,12월,강영규,http://www.skoceanplant.com/,경상남도
삼성FN리츠,유가,448730,부동산 임대 및 공급업,대치타워 및 에스원빌딩,2023-04-10,01월,이명규,http://www.samsungfnreit.com/,서울특별시
현대그린푸드,유가,453340,종합 소매업,"푸드서비스(단체급식), 식자재유통서비스, 공산품/생식품 유통서비스",2023-04-10,12월,박홍진,http://hyundaigreenfood.com,경기도
한화갤러리아,유가,452260,종합 소매업,백화점,2023-03-31,12월,김영훈,http://www.hanwhagalleria.co.kr,서울특별시
한화리츠,유가,451800,부동산 임대 및 공급업,부동산투자,2023-03-27,04월,한화자산운용,,서울특별시
바이오노트,유가,377740,의료용품 및 기타 의약 관련제품 제조업,"Rapid 반제품 및 완제품, 동물용신속진단 키트",2022-12-22,12월,조병기,http://www.bionote.co.kr,경기도
유니드비티플러스,유가,446070,제재 및 목재 가공업,MDF 등,2022-11-28,12월,한상준,,서울특별시
LX세미콘,유가,108320,반도체 제조업,Display Driver IC,2022-11-03,12월,이윤태,http://www.lxsemicon.com,대전광역시
KB스타리츠,유가,432320,부동산 임대 및 공급업,"벨기에 North Galaxy Towers, 영국 Samsung Europe HQ",2022-10-06,01월,김형윤,http://www.kbstarreit.com,서울특별시
쏘카,유가,403550,운송장비 임대업,"카셰어링, 모빌리티 플랫폼 등",2022-08-22,12월,박재욱,http://www.socarcorp.kr,제주특별자치도
수산인더스트리,유가,126720,전기 및 통신 공사업,전력발전설비 정비 용역,2022-08-01,12월,"한봉섭,정보윤(각자대표)",http://www.soosanind.co.kr,충청남도
마스턴프리미어리츠,유가,357430,부동산 임대 및 공급업,"프랑스 파리 소재 크리스탈파크, 프랑스 아마존 라스트마일 물류센터, 인천 항동 스마트물류센터",2022-05-31,03월,정범식,http://masternpremier.com,서울특별시
코람코더원리츠,유가,417310,부동산 임대 및 공급업,서울 영등포구 여의도 소재 하나금융투자 빌딩,2022-03-28,02월,서길석,http://koramcothe1.com,서울특별시
LG에너지솔루션,유가,373220,일차전지 및 이차전지 제조업,"2차전지 (소형,ESS,자동차전지)",2022-01-27,12월,김동명,,서울특별시
신한서부티엔디리츠,유가,404990,부동산 임대 및 공급업,부동산투자,2021-12-10,12월,승만호,http://shsbreit.com,서울특별시
미래에셋글로벌리츠,유가,396690,부동산 임대 및 공급업,부동산 임대업,2021-12-03,03월,신현준,,서울특별시
SK스퀘어,유가,402340,기타 금융업,지주회사,2021-11-29,12월,김정규,http://www.sksquare.com,서울특별시
NH올원리츠,유가,400760,부동산 임대 및 공급업,부동산투자,2021-11-18,12월,이종은,http://nhallonereit.com/,서울특별시
카카오페이,유가,377300,금융 지원 서비스업,"간편결제, 간편송금 및 기타 금융서비스",2021-11-03,12월,신원근,http://www.kakaopay.com,경기도
케이카,유가,381970,자동차 판매업,오프라인 및 온라인 중고차 매매업,2021-10-13,12월,정인국,http://www.kcar.com,서울특별시
HD현대중공업,유가,329180,선박 및 보트 건조업,"선박, 해양플랜트 및 엔진기계 등",2021-09-17,12월,"이상균, 금석호 (각자 대표이사)",http://www.hhi.co.kr,울산광역시
SK리츠,유가,395400,부동산 임대 및 공급업,서울 중구 소재 SK서린빌딩 및 전국 116개 주유소 임대 운영,2021-09-14,03월,에스케이리츠운용 주식회사,http://skreit.co.kr,서울특별시
일진하이솔루스,유가,271940,그외 기타 운송장비 제조업,"수소승용용기, 매연저감장치 등",2021-09-01,12월,임만규,http://hysolus.co.kr,전북특별자치도
디앤디플랫폼리츠,유가,377190,부동산 임대 및 공급업,부동산 투자 및 관리,2021-08-27,03월,이양원,http://dndplatformreit.com/,서울특별시
아주스틸,유가,139990,1차 철강 제조업,"프리미엄 가전용 고품질 컬러강판, 건자재 등",2021-08-20,12월,이현식,http://www.ajusteel.com,경상북도
롯데렌탈,유가,089860,운송장비 임대업,"렌터카, 카셰어링(그린카), 중고차매매, 일반렌탈(측정기,OA, 리프트 등)",2021-08-19,12월,최진환,http://www.lotterental.com/,경기도
한컴라이프케어,유가,372910,의료용 기기 제조업,"공기호흡기, 방독면, 보호복 등",2021-08-17,12월,김선영,http://www.hancomlifecare.com,경기도
크래프톤,유가,259960,소프트웨어 개발 및 공급업,<배틀그라운드> 등 게임 소프트웨어,2021-08-10,12월,김창한,http://www.krafton.com,서울특별시
PI첨단소재,유가,178920,플라스틱제품 제조업,PI(Polyimide)제품,2021-08-09,12월,송금수,http://www.pimaterials.com,충청북도
카카오뱅크,유가,323410,은행 및 저축기관,은행 및 금융서비스,2021-08-06,12월,윤호영,,경기도
에스디바이오센서,유가,137310,의료용 기기 제조업,STANDARD Q 항원/항체 진단키트(COVID-19 진단키트),2021-07-16,12월,이효근,http://sdbiosensor.co.kr/,경기도
엠씨넥스,유가,097520,영상 및 음향기기 제조업,"모바일 카메라모듈,전장 카메라모듈,블랙박스,IP 카메라",2021-07-06,12월,민동욱,http://www.mcnex.co.kr,인천광역시
LX홀딩스,유가,383800,기타 금융업,지주회사,2021-05-27,12월,"구본준, 노진서",http://www.lxholdings.co.kr,서울특별시
F&F,유가,383220,봉제의복 제조업,"MLB, MLB KIDS, DISCOVERY 등 패션의류제품",2021-05-21,12월,김창수,http://www.fnf.co.kr,서울특별시
SK아이이테크놀로지,유가,361610,일차전지 및 이차전지 제조업,2차전지용 습식 분리막 및 폴더블 커버 윈도우,2021-05-11,12월,이상민,http://www.skietechnology.com/,서울특별시
SK바이오사이언스,유가,302440,기초 의약물질 제조업,백신 제품 및 제제,2021-03-18,12월,안재용,http://www.skbioscience.com,인천광역시
화승알앤에이,유가,378850,자동차 신품 부품 제조업,자동차용 고무제품,2021-03-15,12월,김형진,http://www.hsrna.com,경상남도
프레스티지바이오파마,유가,950210,자연과학 및 공학 연구개발업,바이오시밀러 및 항체의약품 신약,2021-02-05,06월,박소연,http://www.prestigebiopharma.com,싱가포르
솔루엠,유가,248070,전자부품 제조업,"POWER, 3in1 Board, ESL 등",2021-02-02,12월,전성호,http://www.solum-group.co.kr,경기도
DL이앤씨,유가,375500,토목 건설업,토목 건설 사업,2021-01-25,12월,박상신,,서울특별시
ESR켄달스퀘어리츠,유가,365550,부동산 임대 및 공급업,부동산투자,2020-12-23,05월,조주현,http://www.esrks-reit.com,서울특별시
명신산업,유가,009900,자동차 신품 부품 제조업,자동차차체부품,2020-12-07,12월,최우철,http://www.myoungshinindustry.com,경상북도
에이플러스에셋,유가,244920,보험 및 연금관련 서비스업,보험대리 및 중개업,2020-11-20,12월,"곽근호, 황승목(각자대표)",,서울특별시
교촌에프앤비,유가,339770,음·식료품 및 담배 도매업,치킨 프랜차이즈,2020-11-12,12월,송종화,http://kyochonfnb.com,경기도
하이브,유가,352820,오디오물 출판 및 원판 녹음업,"음악 기획/제작, 퍼블리싱, 아티스트 매니지먼트",2020-10-15,12월,이재상,http://hybecorp.com,서울특별시
티와이홀딩스,유가,363280,기타 금융업,지주사업,2020-09-22,12월,오동헌,http://www.ty-holdings.co.kr,서울특별시
코람코라이프인프라리츠,유가,357120,부동산 임대 및 공급업,부동산 투자 및 관리,2020-08-31,11월,이성균,http://www.koramcoenergyplus.co.kr,서울특별시
제이알글로벌리츠,유가,348950,부동산 임대 및 공급업,벨기에 파이낸스 타워,2020-08-07,06월,오남수,http://jrglobalreit.com,서울특별시
미래에셋맵스리츠,유가,357250,부동산 임대 및 공급업,부동산 임대업,2020-08-05,11월,정상구,http://www.maps1reit.miraeasset.com,서울특별시
이지스레지던스리츠,유가,350520,부동산 임대 및 공급업,"부동산투자, 취득, 매매, 임대",2020-08-05,06월,이승환,http://www.igisresidencereit.com,서울특별시
이지스밸류플러스리츠,유가,334890,부동산 임대 및 공급업,"부동산투자, 취득, 매매, 임대",2020-07-16,08월,도병운,http://www.igisvaluereit.com,서울특별시
에스케이바이오팜,유가,326030,자연과학 및 공학 연구개발업,신경질환 및 정신질환을 포함한 중추신경 관련 신약 개발,2020-07-02,12월,이동훈,,경기도
대덕전자,유가,353200,전자부품 제조업,"PCB(Printed Circuit Board, 인쇄회로기판)의 제조 및 판매",2020-05-21,12월,신영환,http://www.daeduck.com,경기도
케이씨씨글라스,유가,344820,유리 및 유리제품 제조업,판유리 등,2020-01-21,12월,"정몽익, 변종오(각자대표이사)",http://www.kccglass.co.kr,서울특별시
NH프라임리츠,유가,338100,부동산 임대 및 공급업,부동산 투자,2019-12-05,11월,조영재,http://www.nhreits.com,서울특별시
씨티알모빌리티,유가,308170,자동차 신품 부품 제조업,"이너레이스, 오디 클러치보스, 로터샤프트, 슬리브기어, 컨트롤 암, 엑슬",2019-11-25,12월,"강상우, 최재흔",http://www.ctrmobility.co.kr,울산광역시
HD현대에너지솔루션,유가,322000,반도체 제조업,"태양광 셀·모듈, PV시스템, ESS",2019-11-19,12월,박종환,http://www.hd-hyundaies.co.kr,경기도
한화시스템,유가,272210,전자부품 제조업,"정밀기기(육해공군관련전자제어시스템,열영상감시장비,탐지추적장치,전투지휘체계시스템) 제조",2019-11-13,12월,손재일,http://hanwhasystems.com,경상북도
자이에스앤디,유가,317400,부동산 임대 및 공급업,"부동산 관리, 정보통신 공사, 아파트 AS 및 옵션 제품 공급, 건축물 시공 및 분양",2019-11-06,12월,구본삼,http://www.xisnd.com/,서울특별시
롯데리츠,유가,330590,부동산 임대 및 공급업,부동산투자,2019-10-30,06월,롯데에이엠씨 주식회사,http://www.lottereit.co.kr/,서울특별시
지누스,유가,013890,가구 제조업,매트리스 및 가구제품,2019-10-30,12월,정백재,http://www.zinus.co.kr,경기도
두산퓨얼셀,유가,336260,"전동기, 발전기 및 전기 변환 · 공급 · 제어 장치 제조업",연료전지,2019-10-18,12월,"이두순, 윤재동 (각자 대표이사)",http://www.doosanfuelcell.com,전북특별자치도
솔루스첨단소재,유가,336370,전자부품 제조업,"동박, 유압기기 등",2019-10-18,12월,곽근만,http://www.solusadvancedmaterials.com,전북특별자치도
콘텐트리중앙,유가,036420,"영화, 비디오물, 방송프로그램 제작 및 배급업","영화 및 방송프로그램 제작, 유통, 광고",2019-10-18,12월,"이중원, 홍정인(각자대표)",http://www.jcontentree.com/,서울특별시
포스코퓨처엠,유가,003670,일차전지 및 이차전지 제조업,"내화물, 생석회, 음극재 및 양극재",2019-05-29,12월,엄기천,http://www.poscofuturem.com,경상북도
현대오토에버,유가,307950,소프트웨어 개발 및 공급업,"차량SW, 내비게이션, 스마트팩토리, AI·클라우드 기반 솔루션, 디지털 전환 컨설팅 및 IT서비스",2019-03-28,12월,류석문,http://www.hyundai-autoever.com,서울특별시
드림텍,유가,192650,전자부품 제조업,"모바일 PBA, 지문인식 모듈, 전장 LED 모듈 등",2019-03-14,12월,"김형민, 박찬홍(각자대표)",http://www.idreamtech.co.kr,경기도
더블유게임즈,유가,192080,소프트웨어 개발 및 공급업,모바일게임,2019-03-12,12월,김가람,http://www.doubleugames.com,서울특별시
우리금융지주,유가,316140,기타 금융업,금융지주,2019-02-13,12월,임종룡,http://www.woorifg.com/,서울특별시
에어부산,유가,298690,항공 여객 운송업,항공 여객 및 화물 운송,2018-12-27,12월,정병섭,http://www.airbusan.com,부산광역시
아시아나IDT,유가,267850,"컴퓨터 프로그래밍, 시스템 통합 및 관리업","IT 서비스, IT 솔루션",2018-11-23,12월,윤찬의,http://www.asianaidt.com,서울특별시
세아제강,유가,306200,1차 철강 제조업,강관,2018-10-05,12월,"이휘령, 홍만기",http://www.seahsteel.co.kr,서울특별시
하나제약,유가,293480,의약품 제조업,완제의약품,2018-10-02,12월,최태홍,http://www.hanaph.co.kr,경기도
우진아이엔에스,유가,010400,건물설비 설치 공사업,반도체/디스플레이 코팅덕트,2018-09-14,12월,홍경모,http://www.woojini.com,서울특별시
신한알파리츠,유가,293940,부동산 임대 및 공급업,비거주 부동산 임대 서비스업,2018-08-08,03월,이준구,http://www.shalphareit.com,서울특별시
한일시멘트,유가,300720,"시멘트, 석회, 플라스터 및 그 제품 제조업","시멘트, 레미콘, 레미탈",2018-08-06,12월,"전근식, 오해근",http://www.hanilcement.com,서울특별시
트리니티항공,유가,091810,항공 여객 운송업,저가 항공운송,2018-08-01,12월,이상윤,http://www.twayair.com,대구광역시
롯데이노베이트,유가,286940,"컴퓨터 프로그래밍, 시스템 통합 및 관리업","SM, SI",2018-07-27,12월,김경엽,http://www.lotteinnovate.com,서울특별시
HS효성첨단소재,유가,298050,화학섬유 제조업,PET타이어코드,2018-07-13,12월,"임진달, 성낙양(각자 대표이사)",http://www.hyosungadvancedmaterials.com,서울특별시
효성중공업,유가,298040,"전동기, 발전기 및 전기 변환 · 공급 · 제어 장치 제조업",-,2018-07-13,12월,우태희,http://www.hyosungheavyindustries.com,서울특별시
효성티앤씨,유가,298020,화학섬유 제조업,"섬유, 산업자재, 화학, 중공업, 건설, 무역,금융 등",2018-07-13,12월,"이창황, 유영환",http://www.hyosungtnc.com,서울특별시
효성화학,유가,298000,기초 화학물질 제조업,-,2018-07-13,12월,이천석,http://www.hyosungchemical.com,서울특별시
이리츠코크렙,유가,088260,부동산 임대 및 공급업,부동산투자회사,2018-06-27,06월,김홍준,,서울특별시
IPARK현대산업개발,유가,294870,건물 건설업,"외주주택, 자체공사, 일반건축, 토목 등",2018-06-12,12월,정경구,http://www.ipark-dvp.com,서울특별시
애경산업,유가,018250,기타 화학제품 제조업,"Age 20's,루나, 트리오, 2080치약, 순샘, 제트 등",2018-03-22,12월,김상준,http://www.aekyung.co.kr,서울특별시
셀트리온,유가,068270,기초 의약물질 제조업,"램시마, 트룩시마, 허쥬마",2018-02-09,12월,"기우성, 서진석",http://www.celltrion.com,인천광역시
쿠쿠홈시스,유가,284740,개인 및 가정용품 임대업,"정수기, 공기청정기 등",2018-01-11,12월,구본학,"http://www,cuckoo.co.kr",경기도
SK케미칼,유가,285130,합성고무 및 플라스틱 물질 제조업,"PETG 수지, PET 수지, 바이오디젤, 백신",2018-01-05,12월,안재현,http://www.skchemicals.com,경기도
BGF리테일,유가,282330,종합 소매업,체인화 편의점,2017-12-08,12월,민승배,http://www.bgfretail.com,서울특별시
DYP,유가,092780,자동차용 엔진 및 자동차 제조업,자동차엔진용 피스톤,2017-12-08,12월,"홍순겸,양준규(각자대표)",,경기도
진에어,유가,272450,항공 여객 운송업,"여객, 화물 등 항공운송",2017-12-08,12월,박병률,http://www.jinair.com,서울특별시
케이씨텍,유가,281820,"측정, 시험, 항해, 제어 및 기타 정밀기기 제조업; 광학기기 제외","반도체, 디스플레이 제조 장비",2017-12-05,12월,"양호근, 최동규 (각자 대표이사)",http://www.kctech.co.kr,경기도
삼양패키징,유가,272550,플라스틱제품 제조업,PET 용기 및 아셉틱 OEM,2017-11-29,12월,윤석환,http://www.samyangpackaging.co.kr/,서울특별시
테이팩스,유가,055490,플라스틱제품 제조업,"OCA, 2차전지용 테이프, 산업용 랩 등",2017-10-31,12월,허지행,http://tapex.co.kr,경기도
롯데웰푸드,유가,280360,기타 식품 제조업,"껌,캔디,초코,비스켓,빙과",2017-10-30,12월,"신동빈, 서정호",http://www.lottewellfood.com,서울특별시
제일약품,유가,271980,의약품 제조업,의약품,2017-07-17,12월,"성석제, 한상철 (공동대표)",http://www.jeilpharm.co.kr,서울특별시
카카오,유가,035720,"자료처리, 호스팅, 포털 및 기타 인터넷 정보매개 서비스업",인터넷 서비스(인터넷 광고),2017-07-10,12월,정신아,http://www.kakaocorp.com,제주특별자치도
오리온,유가,271560,기타 식품 제조업,스낵 등 과자류,2017-07-07,12월,이승준,http://www.orionworld.com,서울특별시
미원에스씨,유가,268280,기초 화학물질 제조업,에너지경화수지,2017-05-22,12월,"배원, 김태준(각자대표)",http://www.miramer.co.kr,전북특별자치도
경동도시가스,유가,267290,연료용 가스 제조 및 배관공급업,도시가스,2017-05-12,12월,"송재호, 박성수",http://www.kdgas.co.kr,울산광역시
넷마블,유가,251270,소프트웨어 개발 및 공급업,온라인·모바일 게임 소프트웨어 개발 및 공급,2017-05-12,12월,김병규,http://company.netmarble.com,서울특별시
HD건설기계,유가,267270,특수 목적용 기계 제조업,"굴삭기, 지게차, 휠로더 등",2017-05-10,12월,문재영,http://www.hd-hyundaice.com,경기도
HD현대,유가,267250,기타 금융업,지주회사,2017-05-10,12월,"정기선, 조영철",http://www.hd.com,경기도
HD현대일렉트릭,유가,267260,"전동기, 발전기 및 전기 변환 · 공급 · 제어 장치 제조업","변압기, 고압차단기, 회전기, 배전반 등",2017-05-10,12월,김영기,http://www.hd-hyundaielectric.com,경기도
크라운제과,유가,264900,"떡, 빵 및 과자류 제조업","비스킷, 스낵, 당과",2017-04-11,12월,윤석빈,http://www.crown.co.kr,서울특별시
덴티움,유가,145720,의료용 기기 제조업,치과용 기기 제조업,2017-03-15,12월,"서승우, 윤병호",http://www.dentium.co.kr,경기도
호전실업,유가,111110,봉제의복 제조업,스포츠웨어 및 아웃도어 웨어 OEM,2017-02-02,12월,박용철 박진호,http://www.hojeon.com,서울특별시
핸즈코퍼레이션,유가,143210,자동차 신품 부품 제조업,자동차 알루미늄 휠,2016-12-02,12월,"홍승재, 이현익(각자대표)",http://www.handscorp.co.kr,인천광역시
두산밥캣,유가,241560,특수 목적용 기계 제조업,"Compact Equipment, Heavy Equipment, Portable Power",2016-11-18,12월,"스캇성철박, 조덕제",http://www.doosanbobcat.com,경기도
삼성바이오로직스,유가,207940,기초 의약물질 제조업,바이오의약품,2016-11-10,12월,임존종보 (Rim John Chongbo),http://www.samsungbiologics.com,인천광역시
JW생명과학,유가,234080,의약품 제조업,"기초수액, TPN, 특수수액, HEMO, 영양수액 등",2016-10-27,12월,노정열,http://www.jw-lifescience.co.kr,충청남도
화승엔터프라이즈,유가,241590,신발 및 신발 부분품 제조업,,2016-10-04,12월,이계영,http://www.hsenterprise.co.kr,부산광역시
LS에코에너지,유가,229640,기타 금융업,,2016-09-22,12월,이상호,http://www.lsecoenergy.com,강원특별자치도
일동제약,유가,249420,의약품 제조업,"아로나민, 후루마린, 큐란, 라비에트, 사미온 등",2016-08-31,12월,"윤웅섭, 이재준(공동 대표이사)",http://www.ildong.com,서울특별시
샘표식품,유가,248170,기타 식품 제조업,간장,2016-08-09,12월,박진선,http://www.sempio.com,서울특별시
두올,유가,016740,자동차 신품 부품 제조업,시트 커버 및 시트 원단,2016-07-29,12월,"조인회, 정재열",http://www.idual.co.kr,서울특별시
동서,유가,026960,음·식료품 및 담배 도매업,"식품 유통, 다류 및 연포장재 제조 등",2016-07-15,12월,"윤세철, 김종희 (공동대표이사)",http://www.dongsuh.com,서울특별시
한국자산신탁,유가,123890,신탁업 및 집합투자업,"부동산 신탁 서비스, REITs",2016-07-13,12월,신찬혁,http://www.kait.com,서울특별시
한국토지신탁,유가,034830,신탁업 및 집합투자업,부동산신탁 등,2016-07-11,12월,"최윤성, 김성진(각자 대표이사)",http://www.koreit.co.kr,서울특별시
해성디에스,유가,195870,전자부품 제조업,반도체 패키지용 Substrate,2016-06-24,12월,최영식,http://www.haesungds.com,경상남도
모나용평,유가,070960,일반 및 생활 숙박시설 운영업,"리조트 운영, 콘도 분양",2016-05-27,12월,박인준,http://www.yongpyong.co.kr,강원특별자치도
해태제과식품,유가,101530,기타 식품 제조업,"홈런볼, 오예스, 맛동산, 부라보콘 등",2016-05-11,12월,"신정훈, 이상진(각자대표)",http://www.ht.co.kr,충청남도
삼일씨엔에스,유가,004440,"시멘트, 석회, 플라스터 및 그 제품 제조업","PHC파일, 강교, PC",2016-03-30,12월,"배강열,장기철",http://www.esamil.com,경기도
제이에스코퍼레이션,유가,194370,"가죽, 가방 및 유사제품 제조업",핸드백 및 지갑,2016-02-04,12월,홍재성,http://www.jskor.com,서울특별시
잇츠한불,유가,226320,기타 화학제품 제조업,"스킨케어 베이직, 포인트 메이크업, 스킨케어 스페셜, 베이스 메이크업 등",2015-12-28,12월,임진성,http://www.itshanbul.com,서울특별시
세진중공업,유가,075580,선박 및 보트 건조업,"선박 Deck House, LPG Tank, Upper Deck Unit, 해양플랜트 Living Quarter",2015-11-30,12월,"김진종, 윤지원 (각자대표)",http://www.sejinheavy.com,울산광역시
금호에이치티,유가,214330,자동차 신품 부품 제조업,자동차용 전구 및 LED모듈,2015-11-11,12월,"김진곤, 김두인(각자대표)",http://www.kumhoht.co.kr,광주광역시
제주항공,유가,089590,항공 여객 운송업,"여객운송서비스, 화물운송서비스",2015-11-06,12월,김이배,http://www.jejuair.net,제주특별자치도
현대코퍼레이션홀딩스,유가,227840,음·식료품 및 담배 도매업,"브랜드사업, 육류유통",2015-10-23,12월,"정몽혁, 김원갑, 권철호",http://www.hyundaicorpholdings.com,서울특별시
LIG디펜스앤에어로스페이스,유가,079550,무기 및 총포탄 제조업,정밀유도무기 등,2015-10-02,12월,신익현,http://www.lignex1.com,경기도
HDC랩스,유가,039570,전기 및 통신 공사업,"기계설비공사, 스마트홈, 지능형 빌딩, SOC, 인테리어, 조경, 시설관리",2015-09-24,12월,이준형,http://www.hdc-labs.com/,서울특별시
동일제강,유가,002690,1차 철강 제조업,"PC강연선, 경강선, 도금선, 마봉강",2015-09-24,12월,"민세홍, 양영석 (각자대표)",http://www.dongil-steel.com,경기도
AJ네트웍스,유가,095570,산업용 기계 및 장비 임대업,"렌탈(파렛트, OA장비, 건설장비)",2015-08-21,12월,"문지회, 곽정호",http://www.ajnet.co.kr,서울특별시
이노션,유가,214320,광고업,광고대행 및 광고물의 제작 등,2015-07-17,12월,김정아,http://www.innocean.com,서울특별시
토니모리,유가,214420,기타 화학제품 제조업,"스킨케어 베이직, 포인트 메이크업, 스킨케어 스페셜, 베이스 메이크업 등",2015-07-10,12월,"김승철, 배진형 (각자 대표이사)",http://www.tonymoly.com,서울특별시
미래에셋생명,유가,085620,보험업,생명보험상품,2015-07-08,12월,"김재식, 황문규",http://life.miraeasset.com,서울특별시
경보제약,유가,214390,기초 의약물질 제조업,"아토르바스타틴, 세프티족심, 세프트리약손",2015-06-29,12월,김태영,http://www.kbpharma.co.kr,충청남도
SK디앤디,유가,210980,부동산 임대 및 공급업,"비주거용 부동산개발 및 임대(오피스, 지식산업센터, 호텔 등)",2015-06-23,12월,김도현,http://www.skdnd.com,경기도
다이나믹디자인,유가,145210,특수 목적용 기계 제조업,"타이어 금형, 타이어 제조설비",2015-03-19,12월,황 응 연,http://dynamicdesign.co.kr/,광주광역시
다이나믹디자인,유가,145210,특수 목적용 기계 제조업,"타이어 금형, 타이어 제조설비",2015-03-19,12월,황 응 연,http://dynamicdesign.co.kr/,전남광주통합특별시
한솔제지,유가,213500,"펄프, 종이 및 판지 제조업","인쇄용지, 산업용지, 특수지 제조 및 판매",2015-01-26,12월,"한경록, 고민혁",http://www.hansolpaper.co.kr,서울특별시
디와이파워,유가,210540,특수 목적용 기계 제조업,유공압기기 등,2015-01-15,12월,박치웅,http://power.dy.co.kr,경상남도
삼성물산,유가,028260,기타 전문 도매업,"도소매, 건설, 남자용 정장 제조업 등",2014-12-18,12월,"오세철, 이재언, 송규종",http://www.samsungcnt.com,서울특별시
씨에스윈드,유가,112610,"구조용 금속제품, 탱크 및 증기발생기 제조업",풍력발전타워 제조,2014-11-27,12월,방성훈,http://www.cswind.com,서울특별시
삼성에스디에스,유가,018260,"컴퓨터 프로그래밍, 시스템 통합 및 관리업","IT서비스, 물류BPO",2014-11-14,12월,이준희,http://www.samsungsds.com,서울특별시
HL만도,유가,204320,자동차 신품 부품 제조업,"제동장치, 조향장치, 현가장치",2014-10-06,12월,조성현,http://www.mando.com,경기도
서연이화,유가,200880,자동차 신품 부품 제조업,자동차 도어 트림 및 시트,2014-08-08,12월,강용석,http://www.seoyoneh.com,경기도
쿠쿠홀딩스,유가,192400,기타 금융업,주방용 전기기기 제조업,2014-08-06,12월,구본학,http://www.cuckoo.co.kr,경상남도
화인베스틸,유가,133820,1차 철강 제조업,"조선용 형강(부등변 부등후 앵글, 부등호 앵글, 등변앵글 평철 등)",2014-07-22,12월,장재훈,http://www.finebesteel.com,경상남도
BGF,유가,027410,기타 금융업,지주회사,2014-05-19,12월,홍정국,http://www.bgf.co.kr,서울특별시
코스맥스,유가,192820,기타 화학제품 제조업,화장품,2014-04-07,12월,"최경, 이병만",http://www.cosmax.com,경기도
종근당,유가,185750,의약품 제조업,"딜라트렌,리피로우",2013-12-06,12월,김영주,http://www.ckdpharm.com,서울특별시
신송홀딩스,유가,006880,산업용 농·축산물 및 동·식물 도매업,사업경영 및 관리자문,2013-11-21,12월,조갑주,http://www.singsongholdings.com,서울특별시
아세아시멘트,유가,183190,"시멘트, 석회, 플라스터 및 그 제품 제조업","시멘트, 레미콘, 몰탈",2013-11-06,12월,"임경태, 김웅종",http://www.asiacement.co.kr,서울특별시
현대로템,유가,064350,그외 기타 운송장비 제조업,"철도차량, 특수중기, 산업기계",2013-10-30,12월,이용배,http://www.hyundai-rotem.co.kr,경상남도
한진칼,유가,180640,기타 금융업,"지주사업, 경영자문 및 컨설팅",2013-09-16,12월,"조원태, 류경표",http://www.hanjinkal.co.kr,서울특별시
NHN,유가,181710,소프트웨어 개발 및 공급업,한게임,2013-08-29,12월,정우진,http://www.nhn.com,경기도
JB금융지주,유가,175330,기타 금융업,금융지주 회사,2013-07-18,12월,김기홍,http://www.jbfg.com,전북특별자치도
DSR,유가,155660,1차 비철금속 제조업,합섬섬유로프,2013-05-15,12월,홍석빈,http://www.dsr.com,부산광역시
동아에스티,유가,170900,의약품 제조업,"스티렌, 자이데나",2013-04-08,12월,정재훈,http://www.donga.co.kr,서울특별시
지엠비코리아,유가,013870,자동차 신품 부품 제조업,"V/S,EWP,ITM,CVJOINT",2012-11-20,12월,"정세영, 송병영",http://www.gmb.co.kr,경상남도
LG헬로비전,유가,037560,텔레비전 방송업,"케이블TV, 인터넷서비스 등",2012-11-09,12월,송구영,http://www.lghellovision.net,경기도
동일고무벨트,유가,163560,고무제품 제조업,"산업용고무제품, 종합고무부품",2012-10-19,12월,TANIYAMA KEN,http://www.drbworld.com,부산광역시
한국콜마,유가,161890,기타 화학제품 제조업,"화장품, 의약품",2012-10-19,12월,최현규,http://https://www.kolmar.co.kr/,세종특별자치시
한국타이어앤테크놀로지,유가,161390,고무제품 제조업,타이어 제조,2012-10-04,12월,"안종선, 이상훈(공동대표이사)",http://www.hankooktire.com,경기도
애경케미칼,유가,161000,기초 화학물질 제조업,무수프탈산 등,2012-09-17,12월,김성완,http://www.aekyungchemical.co.kr,서울특별시
사조씨푸드,유가,014710,수산물 가공 및 저장 처리업,횟감용 참치 및 기타 일반수산물,2012-06-29,12월,김치곤,http://www.sajosf.co.kr,서울특별시
휴비스,유가,079980,화학섬유 제조업,"합성섬유(폴리에스테르원사,원면),재생섬유,폴리에스텔 원사,원면,고상칩 제조,도소매",2012-02-23,12월,김석현,http://www.huvis.com,서울특별시
케이탑리츠,유가,145270,부동산 임대 및 공급업,부동산 임대,2012-01-31,12월,"이명식, 조현만(각자대표이사)",http://www.ktopreits.co.kr,서울특별시
GS리테일,유가,007070,종합 소매업,"체인화 편의점,슈퍼마켓,마트,전자상거래/부동산(빌딩) 임대",2011-12-23,12월,허서홍,http://www.gsretail.com,서울특별시
인터지스,유가,129260,도로 화물 운송업,"화물운송,알선,하역",2011-12-16,12월,최우일,http://www.intergis.co.kr,부산광역시
삼양사,유가,145990,기타 식품 제조업,설탕,2011-12-05,12월,이운익,http://www.samyangcorp.com,서울특별시
하나투어,유가,039130,여행사 및 기타 여행보조 서비스업,"일반여행알선,컴퓨터프로그램 개발,보급,통신판매",2011-11-01,12월,송미선,http://www.hanatour.com,서울특별시
에이블씨엔씨,유가,078520,기타 화학제품 제조업,"화장품 제조,도소매/소프트웨어 자문,개발,공급/전자상거래",2011-09-07,12월,신유정,http://www.able-cnc.com,서울특별시
삼원강재,유가,023000,자동차 신품 부품 제조업,"열간압연제품(평강,봉강,특수이형강,환강,자동차용 겹판스프링) 제조,판매",2011-07-22,12월,"남상문, 박민희(각자대표)",http://www.samwon-steel.co.kr,경상북도
신세계인터내셔날,유가,031430,"섬유, 의복, 신발 및 가죽제품 소매업","섬유, 의복, 신발 및 가죽제품 소매",2011-07-14,12월,"김덕주, 서민성, 이승민 (각자 대표이사)",http://www.sikorea.co.kr,서울특별시
한국항공우주,유가,047810,"항공기,우주선 및 부품 제조업","정부방산 및 완제기 수출(T-50계열, KUH계열, KT-1계열 등), 기체부품",2011-06-30,12월,김종출,http://www.koreaaero.com,경상남도
롯데하이마트,유가,071840,가전제품 및 정보통신장비 소매업,"가전제품,잡화 도소매/부동산 임대",2011-06-29,12월,남창희,http://company.himart.co.kr,서울특별시
한세엠케이,유가,069640,"섬유, 의복, 신발 및 가죽제품 소매업","케주얼웨어(BUCKAROO, TBJ 등)",2011-06-21,12월,"김지원, 임동환(각자 대표이사)",http://www.mktrend.co.kr,서울특별시
이마트,유가,139480,종합 소매업,대형마트,2011-06-10,12월,한채양,http://emartcompany.com/ko/main.do,서울특별시
iM금융지주,유가,139130,기타 금융업,지주회사,2011-06-07,12월,황병우,http://www.imfngroup.com,대구광역시
케이티스카이라이프,유가,053210,텔레비전 방송업,위성방송서비스,2011-06-03,12월,지정용,http://www.ktskylife.co.kr,서울특별시
메리츠금융지주,유가,138040,기타 금융업,투자사업,2011-05-13,12월,김용범,http://www.meritzgroup.com,서울특별시
한국종합기술,유가,023350,"건축기술, 엔지니어링 및 관련 기술 서비스업","토목설계,건축설계,감리,측량/토목건축공사",2011-04-28,12월,김한영,http://www.kecc.co.kr,경기도
BNK금융지주,유가,138930,기타 금융업,금융지주회사,2011-03-30,12월,빈대인,http://www.bnkfg.com,부산광역시
롯데에너지머티리얼즈,유가,020150,전자부품 제조업,"인쇄회로기판(PCB)용 전해동박(ACF,UCF),에폭시용 동박,전해콘덴서용 알루미늄박 제조,판매",2011-03-04,12월,김연섭,http://www.lotteenergymaterials.com,전북특별자치도
현대위아,유가,011210,자동차 신품 부품 제조업,"자동차부품, 공작기계 등",2011-02-21,12월,권오성,http://www.hyundai-wia.com,경상남도
선진,유가,136490,동물용 사료 및 조제식품 제조업,조제동물사료,2011-02-16,12월,이범권,,경기도
미원화학,유가,134380,기타 화학제품 제조업,"계면활성제, 황산및분황",2011-02-15,12월,"김정만, 김태호 (각자대표)",http://www.miwonchemicals.com,울산광역시
시디즈,유가,134790,가구 제조업,의자,2011-01-25,12월,"김태은, 우인환 (각자대표)",http://www.sidiz.com,경기도
한화엔진,유가,082740,일반 목적용 기계 제조업,"대형선박용엔진,내연발전엔진",2011-01-04,12월,김종서,http://www.hanwha-engine.com,경상남도
대성에너지,유가,117580,연료용 가스 제조 및 배관공급업,천연가스,2010-12-24,12월,대표이사 김영훈 대표이사 박문희,http://www.daesungenergy.com,대구광역시
현대퓨처넷,유가,126560,전기 통신업,"디지털 사이니지, 기업 메시징 등",2010-12-23,12월,김성일,http://www.hyundaifuturenet.com,서울특별시
KTis,유가,058860,기타 정보 서비스업,"114전화번호안내, 고객센터",2010-12-17,12월,양율모,http://www.ktis.co.kr,서울특별시
한전산업,유가,130660,"건축기술, 엔지니어링 및 관련 기술 서비스업","발전설비 운전·정비, 전기검침",2010-12-16,12월,함흥규,http://www.kepid.co.kr,서울특별시
엘브이엠씨,유가,900140,자동차 판매업,지주회사,2010-11-30,12월,"이창엽, 변성현 (각자 대표이사)",http://www.lvmcholdings.net,케이맨 제도
미스토홀딩스,유가,081660,생활용품 도매업,"스포츠의류,신발,가방,시계,골프장비,화장품,가죽제품(지갑,키홀더) 도매,수출입",2010-09-28,12월,윤근창,http://www.mistoholdings.com,서울특별시
KTcs,유가,058850,기타 정보 서비스업,전화번호검색 데이타제공/콜센터 운영,2010-09-16,12월,이창호,http://www.ktcs.co.kr,대전광역시
도화엔지니어링,유가,002150,"건축기술, 엔지니어링 및 관련 기술 서비스업","토목설계,건축설계,종합감리전문업,종합기술용역,엔지니어링",2010-08-12,12월,"박승우,곽준상,손영일,김덕구",http://www.dohwa.co.kr,서울특별시
대성산업,유가,128820,연료 소매업,"주요소운영,기계판매 등",2010-07-30,12월,"김영대,이은우(공동대표)",http://www.daesung.co.kr,서울특별시
아이마켓코리아,유가,122900,상품 종합 도매업,B2B 전자상거래,2010-07-30,12월,김학재,http://www.imarketkorea.com,서울특별시
한미약품,유가,128940,의약품 제조업,의약품,2010-07-30,12월,황상연,,경기도
우진,유가,105840,"측정, 시험, 항해, 제어 및 기타 정밀기기 제조업; 광학기기 제외",원전용계측기,2010-07-26,12월,"이재상, 백승한 각자대표",http://www.woojininc.com,경기도
무학,유가,033920,알코올음료 제조업,소주,2010-07-20,12월,"최낙준, 최재호(각자 대표이사)",http://www.muhak.co.kr,경상남도
이연제약,유가,102460,의약품 제조업,"항생제,순환기제",2010-06-10,12월,"정순옥, 유용환 (각자 대표이사)",http://reyonpharm.co.kr,서울특별시
한국화장품,유가,123690,생활용품 도매업,화장품,2010-06-01,12월,이용준,http://www.ihkcos.co.kr,서울특별시
에스제이엠,유가,123700,자동차 신품 부품 제조업,자동차및산업용Bellows,2010-05-31,12월,김휘중 (단독 대표이사),,경기도
HL홀딩스,유가,060980,기타 금융업,지주회사 및 경영컨설팅 서비스업,2010-05-19,12월,김광헌,http://hlholdings.co.kr,경기도
삼성생명,유가,032830,보험업,"생명보험,부동산 임대",2010-05-12,12월,홍원학,http://www.samsunglife.com,서울특별시
신세계푸드,유가,031440,음식점업,"단체급식, 식자재유통, 외식",2010-04-29,12월,임형섭,http://www.shinsegaefood.com,서울특별시
한화생명,유가,088350,보험업,생명보험,2010-03-17,12월,"권혁웅, 이경근",http://www.hanwhalife.com,서울특별시
조선선재,유가,120030,기타 금속 가공제품 제조업,용접재료,2010-02-19,12월,장원영,http://www.chosunwelding.com,경상북도
코오롱인더,유가,120110,화학섬유 제조업,"산업자재, 화학, 필름",2010-02-01,12월,"허성, 김민태",http://www.kolonindustries.com/,서울특별시
KC코트렐,유가,119650,일반 목적용 기계 제조업,전기집진기 등,2010-01-29,12월,박기서,http://www.kc-cottrell.com/,서울특별시
지역난방공사,유가,071320,"증기, 냉·온수 및 공기조절 공급업","집단에너지공급 및 전기,증기 생산,판매",2010-01-29,12월,하동근,http://www.kdhc.co.kr,경기도
영흥,유가,012160,1차 철강 제조업,와이어로프 등,2010-01-25,12월,"강근욱, 변태용(각자대표이사)",http://www.youngwire.com,충청남도
메타케어,유가,118000,기계장비 및 관련 물품 도매업,"의약품, 의료소모품, 의료기기 도매",2009-12-30,12월,이수진,http://www.meta-care.co.kr,경기도
한전기술,유가,052690,"건축기술, 엔지니어링 및 관련 기술 서비스업",원자력발전소 설계 등,2009-12-14,12월,김태균,http://www.kepco-enc.com,경상북도
GKL,유가,114090,유원지 및 기타 오락관련 서비스업,카지노,2009-11-19,12월,윤두현,http://www.grandkorea.com,서울특별시
SK,유가,034730,기타 금융업,"지주회사, 시스템통합(SI), 정보통신사업 관련 컨설팅,조사용역,정보통신기술 연구개발/정보통신기기,소프트웨어 개발,도매",2009-11-11,12월,"최태원, 장용호",http://www.sk-inc.com/,서울특별시
황금에스티,유가,032560,1차 비철금속 제조업,"스테인레스 냉연, 열연",2009-10-29,12월,김종현,http://www.hwangkum.com,경기도
하이트진로,유가,000080,알코올음료 제조업,"맥주, 소주",2009-10-19,12월,장인섭,http://www.hitejinro.com,서울특별시
동양생명,유가,082640,보험업,생명보험,2009-10-08,12월,성대규,http://www.myangel.co.kr,서울특별시
유니온머티리얼,유가,047400,"내화, 비내화 요업제품 제조업","페라이트,세라믹 제조,도매",2009-09-29,12월,이우선,http://unionmaterials.com,대구광역시
형지엘리트,유가,093240,봉제의복 제조업,"학생복,스포츠의류,작업복 제조,도매",2009-09-28,06월,최준호,http://www.hyungji-elite.com,인천광역시
키움증권,유가,039490,금융 지원 서비스업,"유가증권의 매매, 위탁, 인수, 주선",2009-08-03,12월,엄주성,http://www.kiwoom.com,서울특별시
영원무역,유가,111770,상품 종합 도매업,스포츠의류,2009-07-30,12월,성기학,,서울특별시
한미글로벌,유가,053690,"건축기술, 엔지니어링 및 관련 기술 서비스업","건축 설계,감리/건축공사,토목공사,설비공사,전기공사,안전공사",2009-06-23,12월,"윤요현, 박서영",http://www.hanmiparsons.com,서울특별시
동아지질,유가,028100,기반조성 및 시설물 축조관련 전문공사업,"보링그라우팅공사,토공사,철근콘크리트공사,상하수도공사,비계구조물해체공사,수중공사/지질조사,시공감리",2009-06-12,12월,"최정욱, 정경수",http://www.dage.co.kr,부산광역시
HD현대마린엔진,유가,071970,일반 목적용 기계 제조업,"조선기자재, 기계부품",2009-05-15,12월,유정대,http://www.hd-marineengine.com,경상남도
LX하우시스,유가,108670,플라스틱제품 제조업,"창호재, 자동차부품 등",2009-04-20,12월,노진서,http://www.lxhausys.com,서울특별시
한세실업,유가,105630,봉제의복 제조업,의류 완제품,2009-03-20,12월,"김익환, 김경, 김동녕",http://www.hansae.com,서울특별시
주성코퍼레이션,유가,109070,통신 및 방송 장비 제조업,"ICS중계기, 블랙박스",2009-03-17,12월,허용호,http://www.joosungcorp.com,충청남도
미원홀딩스,유가,107590,기타 금융업,도료첨가제,2009-03-02,12월,"김정돈, 박미령",,경기도
NAVER,유가,035420,"자료처리, 호스팅, 포털 및 기타 인터넷 정보매개 서비스업",포털 서비스 및 온라인 광고,2008-11-28,12월,최수연,http://www.navercorp.com,경기도
부국철강,유가,026940,1차 철강 제조업,철강,2008-10-14,12월,남상규/손일호,http://www.bks.co.kr,전남광주통합특별시
부국철강,유가,026940,1차 철강 제조업,철강,2008-10-14,12월,남상규/손일호,http://www.bks.co.kr,광주광역시
KB금융,유가,105560,기타 금융업,-,2008-10-10,12월,양종희,http://www.kbfg.com,서울특별시
한국철강,유가,104700,1차 철강 제조업,철근,2008-09-29,12월,이병제,http://www.kisco.co.kr,경상남도
일진전기,유가,103590,절연선 및 케이블 제조업,,2008-08-01,12월,유상석(단독 대표이사),,경기도
풍산,유가,103140,1차 비철금속 제조업,,2008-07-30,12월,"류진, 박우동",http://www.poongsan.co.kr,경기도
LG이노텍,유가,011070,전자부품 제조업,기타 전자부품 제조업,2008-07-24,12월,문혁수,http://www.lginnotek.co.kr,서울특별시
명문제약,유가,017180,의약품 제조업,"의약품(ROBAXIN 주사,KIMITE패취) 제조,판매",2008-07-10,12월,배철한,http://www.mmpharm.co.kr,경기도
비상교육,유가,100220,"서적, 잡지 및 기타 인쇄물 출판업","참고서 출판/소프트웨어 개발,공급",2008-06-30,12월,양태회,http://www.visang.com,경기도
동성케미컬,유가,102260,합성고무 및 플라스틱 물질 제조업,,2008-06-23,12월,"이만우, 백진우 (각자 대표이사)",http://idongsung.com,부산광역시
LG유플러스,유가,032640,전기 통신업,"개인휴대통신서비스,음성서비스,데이터서비스,부가통신/단말기 도소매/프로그램 개발,자료제공",2008-04-21,12월,홍범식,http://www.uplus.co.kr,서울특별시
인바이오젠,유가,101140,기계장비 및 관련 물품 도매업,"신발,의류,스포츠용품 도매,제조",2008-04-02,12월,강지연,http://www.inbiogen.co.kr,서울특별시
아시아나항공,유가,020560,항공 여객 운송업,"항공운송(여객운송,화물운송)/항공기 제조,정비수리",2008-03-28,12월,송보영,http://www.flyasiana.com,서울특별시
SNT에너지,유가,100840,일반 목적용 기계 제조업,"공냉식 열교환장치,폐열회수장치 제조",2008-02-22,12월,신경인,http://www.hisnt.com,경상남도
진양홀딩스,유가,100250,플라스틱제품 제조업,"투자,경영컨설팅",2008-02-15,12월,"양준영, 최창호(각자대표이사)",http://cyholdings.kr,부산광역시
엔케이,유가,085310,"구조용 금속제품, 탱크 및 증기발생기 제조업","고압가스용기,선박용,육상용 소화설비장치,천연가스이동식충전소 제조,도매",2008-01-24,12월,박제완,http://www.nkcf.com,부산광역시
한전KPS,유가,051600,전기 및 통신 공사업,"일반전기공사,발전설비정비공사,점검,수리,엔지니어링",2007-12-14,12월,김홍연,http://www.kps.co.kr,전라남도
한전KPS,유가,051600,전기 및 통신 공사업,"일반전기공사,발전설비정비공사,점검,수리,엔지니어링",2007-12-14,12월,김홍연,http://www.kps.co.kr,전남광주통합특별시
기신정기,유가,092440,특수 목적용 기계 제조업,"몰드베이스,금형부품,정밀기계기구 제조,도매,무역",2007-10-30,03월,윤현도,http://www.kishin.com,인천광역시
KSS해운,유가,044450,해상 운송업,"특수화물해상운송(액화가스,LPG,암모니아,VCM,석유화학제품 등), 선박대여",2007-10-26,12월,박찬도,http://www.kssline.com,서울특별시
효성 ITX,유가,094280,기타 사업지원 서비스업,"컨택센터서비스, Cloud솔루션, CDN, 프로젝터판매",2007-10-25,12월,"남경환, 홍혜진(각자대표이사)",http://www.hyosungitx.com,서울특별시
유나이티드,유가,033270,의약품 제조업,"홈타민 진생연질60C(비타민제),항암제,항생제,순환기계,해열진통제,소화기계약품 제조",2007-10-23,12월,강덕영,http://www.kup.co.kr,세종특별자치시
디아이씨,유가,092200,자동차 신품 부품 제조업,"자동차부품(트란스밋숀,프런트액슬,기어,전동축),변속동력전달장치,특수공구,농기계 및 산업기계부품 제조,무역",2007-10-18,12월,김정렬,http://dicorp.co.kr,울산광역시
CJ제일제당,유가,097950,기타 식품 제조업,"설탕,소맥분,조미식품,육가공식품(돈육,돼지비계,돼지식용설육),대두가공식품,사료,의약품,생활화학제품 제조,도매,무역/통신판매",2007-09-28,12월,"손경식,윤석환(각자 대표이사)",http://www.cj.co.kr,서울특별시
팬오션,유가,028670,해상 운송업,"해상화물운송(외항,운수보관)",2007-09-21,12월,"김홍국, 안중호(각자 대표이사)",http://www.panocean.com,서울특별시
HJ중공업,유가,097230,토목 건설업,"선박건조,기계플랜트 제조/토목공사,건축공사,조경공사,전기공사,가스공사,준설공사,기계설비공사",2007-08-31,12월,"송경한, 유상철",http://www.hjsc.co.kr,부산광역시
JW홀딩스,유가,096760,기타 금융업,의약품 수출입업,2007-07-31,12월,"이경하, 차성남",http://jw-holdings.co.kr,경기도
SK이노베이션,유가,096770,석유 정제품 제조업,"석유정제,석유화학제품,윤활유제품,아스팔트제품,의약중간체 제조,판매,유전개발,대체에너지사업",2007-07-25,12월,"추형욱, 장용호",http://www.SKinnovation.com,서울특별시
삼성카드,유가,029780,기타 금융업,"신용카드업,상품신용판매,현금서비스,카드론,리스,기업대출,여행업무,통신판매",2007-06-27,12월,김이태,http://www.samsungcard.co.kr,서울특별시
알루코,유가,001780,1차 비철금속 제조업,"알루미늄제품,샷시 제조",2007-06-07,12월,박진우,http://www.aluko.co.kr,대전광역시
웅진씽크빅,유가,095720,초등 교육기관,"기타출판 제조/서적,교구,통신판매 도소매/부동산 임대/교구렌탈,컴퓨터운용관련서비스",2007-05-31,12월,윤승현,http://www.wjthinkbig.com,경기도
맵스리얼티,유가,094800,신탁업 및 집합투자업,,2007-04-09,12월,미래에셋자산운용(주),http://www.miraeasset.com,서울특별시
메타랩스,유가,090370,봉제의복 제조업,"여성용 의류(캐쥬얼티셔츠,바지) 제조",2006-12-26,12월,하지성,http://www.metalabs.co.kr,서울특별시
후성,유가,093370,기초 화학물질 제조업,"불소화물 제조,도매",2006-12-22,12월,김용민,http://www.foosungchem.com,경기도
LF,유가,093050,봉제의복 제조업,"기성복, 의류, 잡화, 제조",2006-12-01,12월,"오규식, 김상균 (각자 대표이사)",http://www.lfcorp.com,서울특별시
주연테크,유가,044380,컴퓨터 및 주변장치 제조업,"각종컴퓨터,주변기기 제조/소프트웨어 개발",2006-11-15,12월,"김희라, 장지환(각자 대표이사)",http://www.jooyon.co.kr,서울특별시
코스맥스비티아이,유가,044820,기타 금융업,"화장품,의약부외품 제조,도매",2006-11-13,12월,"허민호, 이병주",http://www.cosmax.com,경기도
인천도시가스,유가,034590,연료용 가스 제조 및 배관공급업,도시가스 공급/가스설비공사,2006-11-07,12월,정진서,http://www.icgas.co.kr,인천광역시
삼정펄프,유가,009770,"펄프, 종이 및 판지 제조업","지류화장지,안면용,위생용 티슈 제조,판매",2006-10-17,12월,전성오,http://www.sjpulp.com,경기도
KEC,유가,092220,반도체 제조업,반도체 제조,2006-10-16,12월,배석홍,http://www.kec.co.kr,서울특별시
KPX홀딩스,유가,092230,기초 화학물질 제조업,지주회사,2006-10-12,12월,양준영,http://www.kpxholdings.com,서울특별시
HDC현대EP,유가,089470,기타 화학제품 제조업,"합성수지(PP컴파운딩가공,자동차범퍼,내장제) 제조,도소매",2006-09-25,12월,신 우 철,http://www.hdc-hyundaiep.com/,충청남도
노루페인트,유가,090350,기타 화학제품 제조업,페인트 제조,2006-07-03,12월,김종우,,경기도
아모레퍼시픽,유가,090430,기타 화학제품 제조업,"화장품,생활용품 제조, 판매",2006-06-29,12월,"서경배, 김승환",http://www.apgroup.com,서울특별시
롯데관광개발,유가,032350,여행사 및 기타 여행보조 서비스업,"국내외여행알선,관광개발,전세운수,항공권매매대행",2006-06-08,12월,"김기병, 백현, 김한준",http://lottetour.com,제주특별자치도
평화산업,유가,090080,자동차 신품 부품 제조업,"자동차부품(방진고무,방류고무(COVER류,CUP류),호스류),장비시설용 부품 제조,판매",2006-06-02,12월,"황순용, 김주영",http://www.ph.co.kr,대구광역시
우진플라임,유가,049800,특수 목적용 기계 제조업,"플라스틱사출성형기 제조,판매",2006-05-24,12월,김익환,http://www.woojinplaimm.com,충청북도
신세계I&C,유가,035510,"컴퓨터 프로그래밍, 시스템 통합 및 관리업","IT시스템 개발, 운영 및 유지보수, IT 컨설팅, IT장비솔루션 총판, 아웃소싱, IDC, IT기기 및 휴대폰 유통, 전자상품권",2006-05-18,12월,양윤지,http://www.shinsegae-inc.com,서울특별시
진도,유가,088790,기타 전문 도매업,"모피제품 제조,가공",2006-03-28,12월,임병남,http://www.jindofand.co.kr,서울특별시
맥쿼리인프라,유가,088980,신탁업 및 집합투자업,증권투자회사,2006-03-15,12월,맥쿼리자산운용(주),http://www.macquarie.com/kr/kr/mkif/index.html,서울특별시
롯데쇼핑,유가,023530,종합 소매업,"백화점(의류,식품 및 잡화),할인점 운영/전자상거래",2006-02-09,12월,"신동빈, 정현석, 차우철, 임재철",http://www.lotteshoppingir.com/,서울특별시
현대글로비스,유가,086280,기타 운송관련 서비스업,"화물운송주선,화물포장,자동차 수리/산업용 기계장비 임대",2005-12-26,12월,이규복,http://www.glovis.net,서울특별시
티비에이치글로벌,유가,084870,봉제의복 제조업,"캐주얼의류,여성의류,남성의류 제조,도소매",2005-12-19,12월,우종완,,서울특별시
하나금융지주,유가,086790,기타 금융업,기타 금융,2005-12-12,12월,함영주,http://www.hanafn.com,서울특별시
제일연마,유가,001560,기타 비금속 광물제품 제조업,"연마석,다이아몬드공구 제조,도소매/주택건설",2005-12-09,12월,"오유인, 오현수, 추헌주 (각자 대표)",http://www.grinding.co.kr,경상북도
현대리바트,유가,079430,가구 제조업,"일반목재가구(책상,침실가구),주방가구,목창호,사무용가구,선실가구 제조",2005-11-22,12월,민왕일,http://www.hyundailivart.co.kr,경기도
대한제강,유가,084010,1차 철강 제조업,"제강,철재,철근,환봉,마환봉,빌레트 제조",2005-10-31,12월,이경백,http://www.idaehan.com,부산광역시
새론오토모티브,유가,075180,자동차 신품 부품 제조업,"자동차부품(브레이크패드,라이닝)",2005-10-21,12월,"정석태, 쿠마카와 테츠야",http://www.saeronauto.co.kr,충청남도
그린케미칼,유가,083420,기타 화학제품 제조업,"비이온계면활성제 제조,도매",2005-10-20,12월,양준화,http://www.korgc.com,충청남도
대상홀딩스,유가,084690,기타 금융업,지주회사,2005-08-17,12월,"임창욱, 최성수 각자대표이사",,서울특별시
코아스,유가,071950,가구 제조업,"사무용가구,금속가구 도매,제조",2005-08-04,12월,노병구,http://www.ikoas.com,서울특별시
이월드,유가,084680,귀금속 및 장신용품 제조업,"놀이시설 운영,입장료,식음료 소매,부동산 임대",2005-07-26,12월,"박동진, 민혜정",http://www.eworld.kr,대구광역시
동양고속,유가,084670,육상 여객 운송업,고속버스 운송/부동산 임대,2005-07-25,12월,최성원,http://www.dyexpress.co.kr,경기도
한미반도체,유가,042700,특수 목적용 기계 제조업,"반도체 후공정장비,반도체금형 제조/부동산 매매,임대",2005-07-22,12월,곽동신,http://www.hanmisemi.com,인천광역시
동일산업,유가,004890,1차 철강 제조업,"봉강,합금철,철근,마봉강,냉간압조용선재,주조,지선,주강,다이아몬드공구 제조,도매",2005-06-30,12월,"오승민, 김정곤(각자 대표이사)",http://www.dongil.co.kr,경상북도
삼호개발,유가,010960,기반조성 및 시설물 축조관련 전문공사업,"토공사,철근콘크리트공사,포장공사,미장방수공사,상하수도공사,수중공사,비계구조물해체공사/골재,아스콘 제조,판매,중기임대",2005-05-12,12월,"심재범, 이영열",http://www.samhodev.co.kr/,충청남도
금호타이어,유가,073240,고무제품 제조업,"타이어,튜브 제조,도매,무역",2005-02-17,12월,정일택,http://www.kumhotire.co.kr,전남광주통합특별시
금호타이어,유가,073240,고무제품 제조업,"타이어,튜브 제조,도매,무역",2005-02-17,12월,정일택,http://www.kumhotire.co.kr,광주광역시
CJ CGV,유가,079160,"영화, 비디오물, 방송프로그램 제작 및 배급업","영화상영,영화관 운영",2004-12-24,12월,정종민,http://www.cgv.co.kr,서울특별시
일진다이아,유가,081000,기타 화학제품 제조업,"공업용 합성다이아몬드 제조,도매,수출입",2004-12-22,12월,박성진,http://www.iljindiamond.co.kr,충청북도
유니드,유가,014830,기초 화학물질 제조업,"탄산칼륨,가성칼륨,가성카리,탄산카리(무기화합물),MDF(가공목재) 제조,도매",2004-12-03,12월,"이우일, 김상배",http://www.unid.co.kr,서울특별시
상신브레이크,유가,041650,자동차 신품 부품 제조업,"자동차 브레이크 슈 어셈블리,브레이크패드 제조/군납업,무역/부동산 임대",2004-10-27,12월,박세종,http://www.sangsin.com,대구광역시
인팩,유가,023810,자동차 신품 부품 제조업,"자동차용 케이블,전자정보통신관련기기 제조,도매",2004-09-21,12월,"최웅선,최장돈",http://www.infac.com,서울특별시
GS,유가,078930,기타 금융업,지주회사/부동산 임대,2004-08-05,12월,"허태수, 홍순기 (각자 대표이사)",,서울특별시
유니퀘스트,유가,077500,기계장비 및 관련 물품 도매업,"반도체직접회로 도매,무역,제조",2004-08-05,12월,앤드류김,http://www.uniquest.co.kr,경기도
다스코,유가,058730,"구조용 금속제품, 탱크 및 증기발생기 제조업","데크플레이트,도로안전시설물(가드레일,강재방호책),건축용단열재보드(경질우레탄보드),신재생에너지사업",2004-08-02,12월,"한상원, 한남철",http://www.dasco.kr,전남광주통합특별시
다스코,유가,058730,"구조용 금속제품, 탱크 및 증기발생기 제조업","데크플레이트,도로안전시설물(가드레일,강재방호책),건축용단열재보드(경질우레탄보드),신재생에너지사업",2004-08-02,12월,"한상원, 한남철",http://www.dasco.kr,전라남도
LG디스플레이,유가,034220,전자부품 제조업,"고화질, 초대형, 폴더블 고부가가치 디스플레이 제품 개발, 제조",2004-07-23,12월,정철동,http://www.lgdisplay.com,서울특별시
텔코웨어,유가,078000,"자료처리, 호스팅, 포털 및 기타 인터넷 정보매개 서비스업","소프트웨어(핵심망솔루션,무선데이터솔루션,요소기술) 개발,유지보수,무역",2004-07-20,12월,"금한태, 배성 (각자 대표이사)",http://www.telcoware.com,서울특별시
STX엔진,유가,077970,일반 목적용 기계 제조업,"엔진,터빈,내연기관 제조,도매",2004-05-10,12월,이상수,http://www.stxengine.co.kr,경상남도
NICE,유가,034310,회사 본부 및 경영 컨설팅 서비스업,"기업신용분석,유가증권등급평정,기업정보,긍융정보,경제정보,소비자신용정보 제공,시장조사,사회여론조사,점외 CD/ATM사업",2004-02-04,12월,조대민,http://www.nice.co.kr,서울특별시
대교,유가,019680,초등 교육기관,"학습지,참고서 출판/건설업/종합유선방송 프로그램공급,디지털학원",2004-02-03,12월,강호준,http://www.daekyo.co.kr,서울특별시
기업은행,유가,024110,은행 및 저축기관,은행업,2003-12-24,12월,장민영,http://www.ibk.co.kr,서울특별시
이엔플러스,유가,074610,일반 목적용 기계 제조업,소방자동차 제조,2003-12-23,12월,"최용인, 홍은식 각자대표",http://www.en3.co.kr,경기도
한솔홈데코,유가,025750,제재 및 목재 가공업,"PB,MDF,바닥재,강화,재생목재,LPM,제재목 제조,도소매,무역/임업,벌목관련 사업",2003-11-04,12월,김경록,http://www.hansolhomedeco.co.kr,서울특별시
이수페타시스,유가,007660,전자부품 제조업,"P.C.B(인쇄회로기판),M.L.B 제조",2003-10-07,12월,최창복,http://www.petasys.com,대구광역시
강원랜드,유가,035250,유원지 및 기타 오락관련 서비스업,"카지노,관광호텔,골프장,스키장,체육시설 운영",2003-09-04,12월,남한규,http://kangwonland.high1.com,강원특별자치도
YG PLUS,유가,037270,"자료처리, 호스팅, 포털 및 기타 인터넷 정보매개 서비스업","광고대행,광고물 제작",2003-08-01,12월,최성준,http://www.ygplus.com,서울특별시
농심홀딩스,유가,072710,기타 금융업,"지주회사,투자자문,경영컨설팅 서비스",2003-07-30,12월,황청용,http://www.nongshimholdings.com,서울특별시
한국금융지주,유가,071050,기타 금융업,금융지주회사,2003-07-21,12월,김남구,http://www.koreaholdings.com,서울특별시
유엔젤,유가,072130,"자료처리, 호스팅, 포털 및 기타 인터넷 정보매개 서비스업","소프트웨어(무선인터넷 솔루션,ASP통신사업자용 지능망솔루션 및 단문메세지센터) 개발,공급",2003-07-01,12월,유지원,http://www.uangel.com,경기도
SBS,유가,034120,텔레비전 방송업,"TV,라디오방송,광고",2003-06-25,12월,방문신,http://www.sbs.co.kr,서울특별시
NC,유가,036570,소프트웨어 개발 및 공급업,"인터넷머그게임(리니지),그룹웨어,인터넷커뮤니티 개발,유지,공급",2003-05-22,12월,"김택진, 박병무 (공동대표이사)",http://www.nc.com,경기도
하이스틸,유가,071090,1차 철강 제조업,"강관 제조,도매",2003-02-17,12월,엄정근,http://www.histeel.co.kr,충청남도
DSR제강,유가,069730,1차 철강 제조업,"와이어로프,각종 경강선,철선제품,PC강선,아연도 강연선 제조",2003-01-28,12월,"홍하종, 홍석빈 (각자 대표이사)",http://www.dsrcorp.com,전남광주통합특별시
DSR제강,유가,069730,1차 철강 제조업,"와이어로프,각종 경강선,철선제품,PC강선,아연도 강연선 제조",2003-01-28,12월,"홍하종, 홍석빈 (각자 대표이사)",http://www.dsrcorp.com,전라남도
태경케미컬,유가,006890,기초 화학물질 제조업,"드라이아이스,액체탄산,고체탄산 제조",2003-01-28,12월,박기환,http://www.taekyungchem.co.kr,서울특별시
한농화성,유가,011500,기타 화학제품 제조업,"계면활성제,글리콜에테르 제조,판매",2003-01-09,12월,"김응상, 경상호 (각자대표)",http://hannong.koreasme.com,전북특별자치도
현대백화점,유가,069960,종합 소매업,백화점,2002-11-25,12월,"정지선, 정지영 (각자대표)",http://home.e-hyundai.com,서울특별시
대호에이엘,유가,069460,1차 비철금속 제조업,"알루미늄 환절판 제조,도매,무역",2002-11-11,12월,육영수,http://www.daeho-al.com,대구광역시
대웅제약,유가,069620,의약품 제조업,"양약,의료기기 제조/화장품,의약부의품 도소매/부동산 임대",2002-11-01,12월,"이창재, 박성수",http://www.daewoong.co.kr,경기도
마니커,유가,027740,"도축, 육류 가공 및 저장 처리업","닭고기,햄,계육가공제품,계육,육가공제품 제조,판매,유통/양계관련사업/부동산임대/수출입대행",2002-10-29,12월,"안정원,엄영철(각자 대표이사)",http://www.maniker.co.kr,경기도
SNT홀딩스,유가,036530,기타 금융업,"지배,경영지도,정리,육성",2002-10-22,12월,김도환,http://www.hisntholdings.com,서울특별시
티케이지휴켐스,유가,069260,기타 화학제품 제조업,"화합물,화학제품 제조",2002-10-07,12월,김우찬,http://tkg.huchems.com,서울특별시
SJG세종,유가,033530,자동차 신품 부품 제조업,"자동차부품,자동차소음기(머플러),배기가스정화기,배기계통부품 제조",2002-09-25,12월,"이동원, 옥현근 (각자 대표이사)",http://www.sjku.co.kr,울산광역시
포스코스틸리온,유가,058430,1차 철강 제조업,"용융아연도금강판,용융알루미늄도금강판,칼라도장강판,냉연강판 가공,제조,도매",2002-08-16,12월,대표이사 사장 천시열,http://www.poscocnc.com,경상북도
삼성출판사,유가,068290,"서적, 잡지 및 기타 인쇄물 출판업","서적 출판,인쇄,소매/부동산 임대",2002-08-05,12월,김진용,http://www.samsungbooks.com,서울특별시
세이브존I&C,유가,067830,종합 소매업,"대형할인점(백화점)/부동산 임대/주차장,문화센터 운영",2002-07-25,12월,이상준,http://www.savezone.co.kr,서울특별시
교보증권,유가,030610,금융 지원 서비스업,"유가증권 매매,중개,대리,인수",2002-07-18,12월,"박봉권, 이석기 (각자대표)",http://www.iprovest.com,서울특별시
한샘,유가,009240,생활용품 도매업,"주방가구(씽크대),인테리어가구 판매,제조/주택신축판매",2002-07-16,12월,김유진(대표집행임원),http://company.hanssem.com,경기도
우신시스템,유가,017370,특수 목적용 기계 제조업,"자동차차체자동설비, 2차전지설비, 자동차부품",2002-05-28,12월,허우영,http://www.wooshinsys.co.kr,서울특별시
LG전자,유가,066570,통신 및 방송 장비 제조업,"이동통신단말기,C-TV,V.C.R.,컴퓨터,완전평면 TV,플라즈마 디스플레이 패널 TV,전자제품(세탁기외),CDMA(코드분할다중접속)이동통신,전자교환기,전송기기",2002-04-22,12월,류재철,http://www.lge.co.kr,서울특별시
콜마홀딩스,유가,024720,기타 금융업,"경영컨설팅,무역,과학및기술서비스업,도매",2002-04-09,12월,윤상현,http://www.kolmarholdings.co.kr,세종특별자치시
SNT모티브,유가,064960,자동차 신품 부품 제조업,"자동차부품(서스펜션모듈,전장품,속옵서버,에어백,트로틀바디,너클),방산품(총포) 제조,도매",2002-03-11,12월,권형순,http://www.sntdaewoo.com,부산광역시
광주신세계,유가,037710,종합 소매업,백화점,2002-02-07,12월,이동훈,http://www.gjshinsegae.com,광주광역시
광주신세계,유가,037710,종합 소매업,백화점,2002-02-07,12월,이동훈,http://www.gjshinsegae.com,전남광주통합특별시
일진디스플,유가,020760,반도체 제조업,"박막액정표시장치(TFT-LCD) 패널,LT(리튬탄탈에이트)웨이퍼,분말야금제품(초고압용공구),보석다이아몬드 제조,판매/종합건설",2002-01-09,12월,김태완,http://www.iljindisplay.co.kr,충청북도
종근당바이오,유가,063160,의약품 제조업,"의약품,원료의약품 제조",2001-12-11,12월,박완갑,http://www.ckdbio.com,서울특별시
신한지주,유가,055550,기타 금융업,금융지주회사,2001-09-10,12월,진옥동,http://www.shinhangroup.com,서울특별시
코웨이,유가,021240,그외 기타 개인 서비스업,"렌탈 서비스(정수기,비데, 필터교환 등), 가정용기기 도매,판매,제조,폐기물처리설비,수출(정수기,청정기)",2001-08-07,12월,서장원,http://company.coway.com,충청남도
세아홀딩스,유가,058650,1차 철강 제조업,지주회사/투자 및 경영컨설팅/부동산 임대,2001-07-30,12월,"이태성, 김수호",http://www.seahholdings.co.kr,서울특별시
LG생활건강,유가,051900,기타 화학제품 제조업,"화장품,생활용품 제조,도매",2001-04-25,12월,이선주,http://www.lghnh.com,서울특별시
LG화학,유가,051910,기초 화학물질 제조업,"유화/기능/합성수지,재생섬유소,산업재,리튬이온전지,평광판,PVC 제조,도매",2001-04-25,12월,김동춘,http://www.lgchem.com,서울특별시
대우건설,유가,047040,건물 건설업,"아파트건설,토목공사,건축공사,포장공사,전기공사,무역/중장비 대여",2001-03-23,12월,김보현,http://daewooenc.com,서울특별시
포스코인터내셔널,유가,047050,상품 중개업,"영업활동의 주요 품목으로 에너지 사업내 천연가스 발전, 태양력, 풍력, 수소 등이 있으며, 트레이딩 사업은 철강 및 철강원료, 이차전지소재, 곡물, 유지, 면방, 바이오플라스틱, 친환경차부품, 인프라 및 산업 플랜트 등이 있음.",2001-03-23,12월,대표이사 사장 이계인,http://www.poscointl.com,서울특별시
한화오션,유가,042660,선박 및 보트 건조업,선박 제조,2001-02-02,12월,김희철,http://www.hanwhaocean.com/pub/main/index.do,경상남도
진양화학,유가,051630,플라스틱제품 제조업,"레쟈,바닥재 제조",2001-01-29,12월,임경섭,http://www.chinyang.co.kr,울산광역시
두산에너빌리티,유가,034020,일반 목적용 기계 제조업,"기관,터어빈,선박용엔진,주단조품,제강제품 제조/종합건설",2000-10-25,12월,"박지원, 정연인, 박상현",http://https://www.doosanenerbility.com/kr,경상남도
한국내화,유가,010040,"내화, 비내화 요업제품 제조업","내화벽돌,내화몰탈,축로등 제조,판매",2000-10-16,12월,변성희,http://www.fskrc.co.kr,충청남도
한세예스24홀딩스,유가,016450,봉제의복 제조업,"의류(니트) 제조,도소매,원단 제조,부동산 임대",2000-01-06,12월,"김동녕, 김석환(각자 대표이사)",http://www.hansaeyes24.com,서울특별시
대성홀딩스,유가,016710,회사 본부 및 경영 컨설팅 서비스업,"도시가스,일반가스 공급/가스기기,차량용 연료 판매/해외자원개발,부동산 임대",1999-12-22,12월,대표이사 김영훈 대표이사 김정주,http://www.daesung-holdings.com,대구광역시
대원제약,유가,003220,의약품 제조업,"의약품(해열소염진통제,진해거담제,동맥경화용제,혈압강하제 등), 건강기능식품(프로바이오틱스 등)",1999-12-15,12월,"백승열, BAEK JONATHAN IN",http://www.daewonpharm.com,서울특별시
한국가스공사,유가,036460,연료용 가스 제조 및 배관공급업,"액화천연가스 공급,제조,도매,개발",1999-12-15,12월,홍의락,http://www.kogas.or.kr,대구광역시
미래아이앤지,유가,007120,"컴퓨터 프로그래밍, 시스템 통합 및 관리업","CCTV, DVR제조, 금융솔루션, 방산제품",1999-11-26,12월,박우람,http://www.miraeing.co.kr,서울특별시
화천기공,유가,000850,특수 목적용 기계 제조업,"CNC선반,CNC밀링,연마기(금속공작기계),MC공작기계,COPY밀링기계,주방품 제조,도매",1999-11-18,12월,"권형석, 권형도(공동대표이사)",http://www.hwacheon.com,광주광역시
화천기공,유가,000850,특수 목적용 기계 제조업,"CNC선반,CNC밀링,연마기(금속공작기계),MC공작기계,COPY밀링기계,주방품 제조,도매",1999-11-18,12월,"권형석, 권형도(공동대표이사)",http://www.hwacheon.com,전남광주통합특별시
팜스코,유가,036580,"곡물가공품, 전분 및 전분제품 제조업","배합사료 제조,도매",1999-10-25,12월,김남욱,http://www.farmsco.com,경기도
케이티앤지,유가,033780,담배 제조업,"잎담배,제조담배,홍삼,홍삼제품 제조,판매",1999-10-08,12월,방경만,http://www.ktng.com,대전광역시
HD한국조선해양,유가,009540,기타 금융업,"선박,해양구조물,엔진,펌프 전동기,중전기,중장비 제조/자동창고,물류시스템",1999-08-24,12월,"정기선, 김형관 (각자 대표이사)",http://www.ksoe.co.kr,경기도
디씨엠,유가,024090,1차 철강 제조업,"PCM(칼라강판),라미네이트강판,산업용필름 제조,판매",1999-08-18,12월,"정연택, 정동우(각자 대표)",http://www.dcmcorp.co.kr,경상남도
AK홀딩스,유가,006840,기타 금융업,지주사업,1999-08-11,12월,"고준, 채형석, 채동석 (각자 대표이사)",http://www.aekyunggroup.co.kr,서울특별시
HS애드,유가,035000,광고업,광고,1999-08-11,12월,박애리,http://www.hsad.co.kr/kor/main,서울특별시
대한유화,유가,006650,기초 화학물질 제조업,"폴리프로필렌,고밀도폴리에틸렌,나프타분해유분,올레핀류,혼합C4류,분해가솔린 제조",1999-08-11,12월,강길순,http://www.kpic.co.kr,서울특별시
백산,유가,035150,플라스틱제품 제조업,"P.U.인조피혁,부직포인공피혁 제조,무역",1999-08-11,12월,"김한준, 전제형(각자 대표이사)",http://www.baiksan.co.kr,경기도
체시스,유가,033250,자동차 신품 부품 제조업,"자동차부품,뒷차축 제조",1999-08-11,12월,"이명곤, 김성광(각자대표이사)",http://www.chasys.com,경상북도
자화전자,유가,033240,전자부품 제조업,"Bonded magenet,플라스틱자성제품,티탄산 바륨계 반도체소자,휴대전화용 Vibration Motor,전자관,전자부품 제조",1999-01-06,12월,"김상면, 김찬용(각자대표)",http://www.jahwa.co.kr,충청북도
케이티,유가,030200,전기 통신업,"유무선통신사업,공중전기통신사업,인터넷,전자상거래,네트워크(전용회선,데이터통신,초고속사업 등)",1998-12-23,12월,박윤영,http://www.kt.com,경기도
엑시큐어하이트론,유가,019490,영상 및 음향기기 제조업,"영상음향기기(보안시스템,CCTV용 모니터,CRT,화상회의시스템),정보통신기기 제조",1998-11-04,12월,"김정수, 장윤식(공동대표이사)",http://www.hitron.co.kr,경기도
제일기획,유가,030000,광고업,"광고 대행/광고물,영화 제작,인쇄,출판",1998-03-03,12월,김종현,http://www.cheil.co.kr,서울특별시
스틱인베스트먼트,유가,026890,신탁업 및 집합투자업,사모펀드(PEF),1997-11-25,12월,"곽동걸, 강신우",http://www.stic.co.kr,서울특별시
케이씨,유가,029460,"측정, 시험, 항해, 제어 및 기타 정밀기기 제조업; 광학기기 제외",가스/Chemical 공급 장치 등 제조 및 판매,1997-11-25,12월,"고상걸, 권홍빈(각자대표이사)",http://www.kct.co.kr,경기도
대원화성,유가,024890,플라스틱제품 제조업,"합성피혁,벽지,DMF(폐용수)정제,방수투습원단,화공약 임가공,제조,도매,수출입",1997-10-28,12월,강동엽,http://www.daewon21.co.kr,서울특별시
E1,유가,017940,기타 전문 도매업,"LPG(프로판,부탄가스),가스기기판매",1997-08-27,12월,"구자용, 한상훈 (각자 대표이사)",http://www.e1.co.kr,서울특별시
SK가스,유가,018670,기타 전문 도매업,"액화석유가스,가스기기 판매,수입,저장",1997-08-27,12월,윤병석,http://www.skgas.co.kr/,경기도
다우기술,유가,023590,"자료처리, 호스팅, 포털 및 기타 인터넷 정보매개 서비스업","인터넷솔루션 개발,도매,IT컨설팅,시스템 설계,자문,인터넷관련서비스/부동산분양,개발,임대",1997-08-27,12월,김윤덕,http://www.daou.co.kr,경기도
영보화학,유가,014440,플라스틱제품 제조업,"가교발포폴리에틸렌(아티론,영보드) 제조,판매",1997-08-27,12월,김태훈,http://www.youngbo.com,충청북도
SKC,유가,011790,기타 화학제품 제조업,"기초화학원료(PO, PG), 전지용 동박 등을 제조ㆍ판매하는 사업",1997-07-18,12월,김종우,http://www.skc.kr,경기도
한국주강,유가,025890,특수 목적용 기계 제조업,"주강,주물 제조,도매",1997-07-18,12월,하만규,http://www.hascokorea.co.kr,경상남도
디와이덕양,유가,024900,자동차 신품 부품 제조업,"자동차부품(CRASH PAD,TRIM PANEL) 제조,판매",1997-06-23,12월,"윤성희, 배운교",http://www.duckyang.co.kr,울산광역시
에쓰씨엔지니어링,유가,023960,토목 건설업,"기술용역(건축설계) 서비스/화학플랜트 설비,기계 제작(음식료,석유화학사업관련)/유공압기기 판매",1997-06-23,12월,송한규,http://www.sc-eng.com,서울특별시
인지컨트롤스,유가,023800,자동차 신품 부품 제조업,"자동차부품(터머스위치,터머스탯) 제조",1997-06-23,12월,"정혜승, 강혁진(각자대표이사)",http://www.inzi.co.kr,경기도
경동인베스트,유가,012320,기타 금융업,지주회사,1997-03-07,12월,정승진,http://www.kdinvest.co.kr,경기도
아이티센씨티에스,유가,031820,"컴퓨터 프로그래밍, 시스템 통합 및 관리업","시스템(네트웍) 구축/데이터통신장비(모뎀,먹스),종합네트워크시스템 제조,설치,유지보수",1997-02-12,12월,한상욱,http://www.comtec.co.kr,경기도
에스제이엠홀딩스,유가,025530,자동차 부품 및 내장품 판매업,지주회사및경영자문,1997-02-12,12월,"김용호, 김휘중(각자대표이사)",http://www.sjmholdings.co.kr,경기도
SK하이닉스,유가,000660,반도체 제조업,"반도체,컴퓨터,통신기기 제조,도매",1996-12-26,12월,곽노정,http://www.skhynix.com,경기도
INVENI,유가,015360,회사 본부 및 경영 컨설팅 서비스업,지주사업,1996-12-24,12월,"구본혁, 최세영",http://www.inveni.com,서울특별시
MH에탄올,유가,023150,알코올음료 제조업,"주정,탄산가스 제조",1996-12-24,12월,"최동호, 김일환",http://www.mhethanol.com,경상남도
동남합성,유가,023450,기초 화학물질 제조업,"계면활성제,정밀화학품 제조,도매/부동산 임대",1996-12-24,12월,"김정돈, 박미령 (각자대표)",http://www.dongnamchem.com,충청남도
삼성E&A,유가,028050,"건축기술, 엔지니어링 및 관련 기술 서비스업","산업설비,건물,구축물,토목시설의 설계,시공,공사감리",1996-12-24,12월,남궁홍,http://www.samsungena.com,서울특별시
신도리코,유가,029530,컴퓨터 및 주변장치 제조업,"복사기, 3D프린터, 프린터, 주변기기 제조,판매",1996-12-24,12월,서동규,http://www.sindoh.com,서울특별시
온타이드,유가,005320,생활용품 도매업,"셔츠,스웨터,파자마(섬유제품) 제조,판매,수출/부동산 임대",1996-12-24,12월,"홍종훈, 최용준(2인, 각자 대표이사)",http://www.ontide.co.kr,서울특별시
퍼시스,유가,016800,가구 제조업,"사무용 가구,의자,책상,캐비넷 제조",1996-12-24,12월,"박정희, 배상돈",http://www.fursys.co.kr,서울특별시
WISCOM,유가,024070,플라스틱제품 제조업,"플라스틱제품(PVC컴파운드,ABS,PS가공) 제조,도매,임가공",1996-11-22,12월,"구조웅, 구영일",http://www.wiscom.co.kr,경기도
동원수산,유가,030720,어로 어업,"원양어업/수산물 제조,가공/참치어류 냉동냉장업",1996-11-22,12월,"WANG KI YONG JR, 왕인상",http://www.dongwonfish.co.kr,서울특별시
미래산업,유가,025560,"측정, 시험, 항해, 제어 및 기타 정밀기기 제조업; 광학기기 제외","PCB마운터,반도체검사장비(반도체테스트핸들러),LCD 검사장비,리드프레임매가진 제조,도매,무역",1996-11-22,12월,이창재,http://www.mirae.co.kr,충청남도
다올투자증권,유가,030210,금융 지원 서비스업,"금융업, 서비스, 부동산",1996-11-19,12월,"이병철, 황준호 (각자 대표이사)",http://www.daolsecurities.com,서울특별시
HDC,유가,012630,기타 금융업,지주회사,1996-10-16,12월,"정몽규, 도기탁 (각자 대표이사)",http://www.hdc-holdings.com,서울특별시
광전자,유가,017900,반도체 제조업,"트랜지스터,SMD TR,발광소자,리모콘모듈,발광다이오드(L.E.D),다이오드용웨이퍼팹(Fab) 제조,판매",1996-10-16,12월,최재완,http://www.auk.co.kr,전북특별자치도
한국단자공업,유가,025540,"전동기, 발전기 및 전기 변환 · 공급 · 제어 장치 제조업","전기변환장치(광커넥터,통신용콘넥터,정밀압착단자설계) 제조,무역(수출)",1996-10-16,12월,"이창원,이원준",http://www.ket.com,인천광역시
디아이,유가,003160,"측정, 시험, 항해, 제어 및 기타 정밀기기 제조업; 광학기기 제외","반도체검사장비,전자부품,레저용품,석제품 제조,판매,오파,부동산임대업",1996-07-31,12월,박원호 조윤형,http://www.di.co.kr,서울특별시
신성이엔지,유가,011930,반도체 제조업,"태양전지, 태양광모듈 제조 및 판매, 태양광 발전설치공사, 클린룸, 자동화장비",1996-07-31,12월,이지선,http://www.shinsungeng.com,경기도
티에이치엔,유가,019180,기타 전기장비 제조업,"자동차부품(전기배선장치류) 제조,도매",1996-07-31,12월,"이광연, 채승훈",http://www.th-net.co.kr,대구광역시
한온시스템,유가,018880,일반 목적용 기계 제조업,"자동차용부품(라디에이터,히터,에어콘,압축기,콘덴서,컴퓨레사) 제조,도매",1996-07-31,12월,대표이사 이수일,http://www.hanonsystems.com,대전광역시
블루산업개발,유가,006740,"골판지, 종이 상자 및 종이용기 제조업","골판지원지,지관원지,라이나원지 제조",1996-07-03,12월,권혁범,http://www.yp21.co.kr,경기도
세원정공,유가,021820,자동차 신품 부품 제조업,"자동차부품(차체류,램프류) 제조",1996-07-03,06월,장제상,http://www.se-won.co.kr,대구광역시
유니온,유가,000910,"시멘트, 석회, 플라스터 및 그 제품 제조업","백시멘트,타일시멘트,알루미나시멘트,용융알루미나,급결제,필터프레스,유니필터제조,도매",1996-07-03,12월,이우선,http://www.unioncement.com,서울특별시
키다리스튜디오,유가,020120,"자료처리, 호스팅, 포털 및 기타 인터넷 정보매개 서비스업","웹툰,웹소설 플랫폼 서비스 및 출판, 영상콘텐츠 제작 및 유통",1996-07-03,12월,"허흥범, 박건원 (각자대표)",http://www.kidaristudio.com,서울특별시
한국제지,유가,027970,"펄프, 종이 및 판지 제조업","펄프, 종이 및 판지 제조업(031701)",1996-07-03,12월,강준석,http://www.hankukpaper.com,울산광역시
한섬,유가,020000,봉제의복 제조업,"여성의류,금속 액세서리,신발,가방,선글라스 제조,판매",1996-07-03,12월,김민덕,http://www.handsome.co.kr,서울특별시
현대엘리베이터,유가,017800,일반 목적용 기계 제조업,"엘리베이터,에스컬레이터,공항,공정,크린룸,병원 물류시스템,수,배송센터,고속소팅시스템,주차설비 제조,판매,보수",1996-07-03,12월,조재천,http://www.hyundaielevator.co.kr,충청북도
환인제약,유가,016580,의약품 제조업,"의약품(신경정신질환치료제,소화기관용약제,연고) 제조,도매",1996-07-03,12월,"이광식, 이원범(각자 대표이사)",http://www.whanin.co.kr,서울특별시
계룡건설산업,유가,013580,토목 건설업,"건축공사,주택공사,토목공사,포장공사,전기공사",1996-01-30,12월,"오태식, 윤길호",http://www.krcon.co.kr,대전광역시
서원,유가,021050,금속 주조업,"비철금속(황동 빌레트,인코트) 제조,재생원료생산",1996-01-30,12월,"조경호, 박주황",http://www.swbrass.co.kr,경기도
에스원,유가,012750,"경비, 경호 및 탐정업","부가통신 서비스(경비),안전관리용역,CCTV카메라",1996-01-30,12월,"정해린, 하나오카 타쿠로",http://www.s1.co.kr,서울특별시
태경산업,유가,015890,기초 화학물질 제조업,"제강용 정련제(프락스),카바이드,중질탈산칼슘 제조,판매/고속도로휴게소 운영",1996-01-30,12월,"김해련, 박충기, 김민정 (각자 대표이사)",http://www.taekyung.co.kr,서울특별시
신대양제지,유가,016590,"골판지, 종이 상자 및 종이용기 제조업","골판지용 골심지,라이너지 제조,수출입",1995-12-21,12월,"권혁홍, 권택환 (각자대표이사)",http://www.dygroup.co.kr,경기도
와이투솔루션,유가,011690,반도체 제조업,"혼성직접회로,통신기기 제조/화공약품,케이블 도매",1995-12-21,12월,강석환,http://www.yuyang.co.kr,경기도
남해화학,유가,025860,"비료, 농약 및 살균, 살충제 제조업","비료(요소,복합비료),공업제품원료 제조,도매",1995-11-10,12월,김창수,http://www.nhchem.co.kr,서울특별시
동원모빌리티,유가,018500,자동차 신품 부품 제조업,"자동차부품(도어후레임,머플러,임팩트빔),강관 제조,판매",1995-11-10,03월,"이은우, 박승룡, 이승재(각자대표)",http://www.dwmic.com,경상북도
우성머티리얼스,유가,011300,직물직조 및 직물제품 제조업,"제직,염색,폴리에스터직물,자수직물봉제 제조,판매/임대료,관리비 수입",1995-11-10,12월,임종찬,http://www.startex.co.kr,대구광역시
HMM,유가,011200,해상 운송업,"정기,부정기,전용선,콘테이너선,자동차선,LNG선 해운",1995-10-05,12월,최원혁,http://www.hmm21.com,부산광역시
경인양행,유가,012610,기초 화학물질 제조업,"반응성염료,직접염료,산성염료,삼원색원료 제조,수출입",1995-10-05,12월,"김흥준,조성용 (각자대표이사)",http://www.kyungin.co.kr,인천광역시
풀무원,유가,017810,기타 식품 제조업,"두부류,생면류,나물류,냉동류,조미류,김치류,묵류,녹즙,과채음료,건강보조식품 판매,제조,생식품 수출",1995-10-05,12월,이우봉,http://www.pulmuone.co.kr,충청북도
서울도시가스,유가,017390,연료용 가스 제조 및 배관공급업,"도시가스공급,가스공급설비공사",1995-08-18,12월,공동대표이사 진용민 공동대표이사 황주석,http://www.seoulgas.co.kr,서울특별시
이구산업,유가,025820,1차 비철금속 제조업,"동판.조,황동판.조,인청동판.조 제조,임가공/부동산 임대",1995-08-18,12월,"안월환, 김영길(각자 대표이사)",http://www.leeku.net,경기도
에넥스,유가,011090,가구 제조업,"씽크상판,주방기기,목재케비넷,유해가스저감장치시설 제조,판매",1995-07-08,12월,박진규,http://www.enex.co.kr,서울특별시
에이프로젠,유가,007460,의약품 제조업,"단열장치,철구조물,가열로,특수단열재(금속표면경화육성,원자로용) 제조/단열공사/부동산 임대",1995-07-08,12월,김재섭,http://www.aprogen.com,경기도
차AI헬스케어,유가,025620,기타 화학제품 제조업,화장품 제조 판매,1995-07-08,12월,윤경욱,http://www.jayjun.kr,서울특별시
한국카본,유가,017960,"구조용 금속제품, 탱크 및 증기발생기 제조업","탄소섬유(카본프리프레그(낚시대,테니스라켓,골프 Shaft,스포츠레저용품)),합성수지,글라스페이퍼,LNG선박용 단열판넬 제조,도매",1995-07-08,12월,"조문수, 조연호 (2인, 각자대표이사)",http://www.hcarbon.com,경상남도
KPX케미칼,유가,025000,기초 화학물질 제조업,"PPG,PU RESIN,우레탄수지,대향막박리재,반도체 CM PAD,Polyether Polyol,산업용기초화학제품,화공약품 제조,판매",1994-12-27,12월,"양준영, 박승구, 이찬수(각자대표이사)",http://www.kpxchemical.com,서울특별시
TP,유가,007980,봉제의복 제조업,"봉제의류(자켓,파카,코트),침구 제조,우모가공,생활용품 도소매,무역",1994-12-27,12월,임석원,http://www.panpacific.co.kr,서울특별시
에스엠벡셀,유가,010580,자동차 신품 부품 제조업,"자동차부품(워터펌프,오일펌프,엔진헤드(GV6),프론트케이스) 제조",1994-12-27,12월,"유병선, 최세환(각자대표)",http://www.smbexel.com,충청남도
KC그린홀딩스,유가,009440,기타 금융업,기타금융업,1994-11-05,12월,이태영,http://www.kcgreenholdings.com,서울특별시
문배철강,유가,008420,1차 철강 제조업,"철강재중 판재류(후판,박판,무늬강판) 제조,도매",1994-11-05,12월,이창환,http://www.moonbaesteel.co.kr,서울특별시
웅진,유가,016880,기타 금융업,"교육서비스(웅진아이큐,중.고교학습,어린이마을),도서,잡지 출판/부동산 임대/인터넷관련사업",1994-11-05,12월,"윤새봄, 이수영 각자대표",http://www.woongjin.com,서울특별시
HL D&I,유가,014790,토목 건설업,"토목,건축,전기,환경사업,준설공사,포장공사,주택,중기임대",1994-08-12,12월,홍석화,http://www.halla.co.kr,서울특별시
오뚜기,유가,007310,기타 식품 제조업,"라면,마요네즈,카레,스프,당면,소오스,토마토케첩,마가린,냉동생지(바게트,크로와상),참치캔,식초,3분짜장 제조",1994-08-12,12월,"함영준, 황성만",http://www.otoki.com,경기도
엘에스일렉트릭,유가,010120,"전동기, 발전기 및 전기 변환 · 공급 · 제어 장치 제조업","고압기기,저압기기,변압기,배전반,PLC,인버터,빌딩설비,공조기,건축배관,자동화기기 제조,동가공",1994-07-11,12월,"구자균, 채대석",http://www.ls-electric.com,경기도
대양금속,유가,009190,1차 철강 제조업,스테인레스 냉연강판 제조,1994-04-29,12월,조상종,http://www.daiyangmetal.co.kr,충청남도
이화산업,유가,000760,기타 전문 도매업,"염료(반응성염료,분산염료,범용염료,직접염료,산성염료),염료화성품,합성수지,고무 도매,제조",1994-04-29,12월,홍성우,http://www.rifa.co.kr,서울특별시
동원시스템즈,유가,014820,플라스틱제품 제조업,포장용 플라스틱제품 제조 외,1994-03-29,12월,"조점근, 정용욱, 신동만, 윤성노",http://dongwonsystems.com/,충청남도
삼성중공업,유가,010140,선박 및 보트 건조업,"선박(벌크선,원유운반선),철구조물,에너지플랜트 생산,판매/토목건축업",1994-01-28,12월,최성안,http://www.samsungshi.com,경기도
모토닉,유가,009680,자동차 신품 부품 제조업,"자동차용 부품(연료펌프,LPI SYSTEM, FCEV) 제조,판매",1994-01-14,12월,"김희진, 신현돈(각자 대표이사)",http://www.motonic.com,서울특별시
화신,유가,010690,자동차 신품 부품 제조업,"자동차엔진부품(ARM류,C/MBR류),자동차부품 제조",1994-01-14,12월,"정서진, 배현주",http://www.hwashin.co.kr,경상북도
SP삼화,유가,000390,기타 화학제품 제조업,"건축용페인트,공업용페인트,분체도료 등 제조",1993-09-10,12월,"배맹달,김현정(각자대표)",http://spsamhwa.com,경기도
경동나비엔,유가,009450,가정용 기기 제조업,"가정용기름보일러,입형,횡형 온수보일러,가스보일러,버너,흡수식 냉온수기,전기보일러,진공온수보일러,태양열보일러 제조,판매",1993-08-31,12월,"손연호, 손흥락, 장희철",http://www.kdnavien.co.kr,경기도
DB,유가,012030,"컴퓨터 프로그래밍, 시스템 통합 및 관리업","컴퓨터 프로그래밍, 시스템 통합 및 관리",1993-01-06,12월,"문덕식,강운식 (각자 대표이사)",http://www.dbinc.co.kr,서울특별시
SGC에너지,유가,005090,전기업,"증기, 전기, REC(신재생에너지공급인증서)",1993-01-06,12월,"이우성, 박준영, 이복영",http://www.sgcenergy.co.kr,서울특별시
대림바스,유가,005750,"내화, 비내화 요업제품 제조업","위생도기,내장타일,조립식욕실제품 제조,판매/부동산 임대",1992-12-23,12월,강태식,http://www.daelimbnco.com,경상남도
대한해운,유가,005880,해상 운송업,"외항화물운송,국제해운대리점",1992-04-23,12월,민상기,http://www.korealines.co.kr,서울특별시
휴니드테크놀러지스,유가,005870,통신 및 방송 장비 제조업,"무선통신기기,군납용무전기,위성방송수신기 제조",1991-09-03,12월,"김영호, 이철승 (공동대표이사)",http://www.huneed.com,인천광역시
수산세보틱스,유가,017550,특수 목적용 기계 제조업,"유압브레이커,트럭크레인,플라즈마 파암장비,특장차,산업기계,건설기계 제조,도매",1991-08-30,12월,김병현 (단독대표),http://www.soosanheavy.com,경기도
롯데케미칼,유가,011170,기초 화학물질 제조업,"폴리프로필렌,고밀도폴리에틸렌,에틸렌글리콜,벤젠,에틸렌옥사이드,합성지,부산물 제조",1991-05-30,12월,"신동빈, 이영준, 주우현",http://www.lottechem.com,서울특별시
세아베스틸지주,유가,001430,1차 철강 제조업,"특수강,철도용품,자동차부품 제조,수출입",1991-03-12,12월,"이태성, 김수호",http://www.seahbesteel.co.kr,서울특별시
호텔신라,유가,008770,기타 상품 전문 소매업,"면세판매,관광숙박,외식사업,예식업",1991-03-12,12월,이부진,http://www.hotelshilla.net,서울특별시
태경비케이,유가,014580,"시멘트, 석회, 플라스터 및 그 제품 제조업","생석회,소석회,석회비료 제조,판매/비금속광물 광업/산업폐기물 재생처리/휴게소 운영",1991-03-07,12월,"김민정, 정구일, 박충기 (각자 대표이사)",http://www.bkmp.co.kr,서울특별시
화승코퍼레이션,유가,013520,자동차 신품 부품 제조업,"산업용 고무제품(호스시트,벨트,펜더 등) 제조, 판매",1991-02-22,12월,"허성룡,현지호",http://www.hscorp.com,부산광역시
신흥,유가,004080,기계장비 및 관련 물품 도매업,"치과용기자재(방사선장치,전기진단장치),주사침 도소매,제조/부동산 임대",1991-02-08,12월,문현기,http://www.shinhung.co.kr,서울특별시
화승인더스트리,유가,006060,상품 종합 도매업,"포장용 합성수지 제조/신발,필름 판매/부동산 임대",1991-02-04,12월,대표이사 현석호,http://www.hsi.co.kr,부산광역시
극동유화,유가,014530,석유 정제품 제조업,"윤활유,유동파라핀,왁스,방수용시트,아스팔트 제조/수입자동차,부품 도매/가스충전,산업설비 청소",1991-01-31,12월,"장홍선, 장선우 (각자대표)",http://www.kdoc.co.kr,경상남도
고려산업,유가,002140,"곡물가공품, 전분 및 전분제품 제조업","배합사료,플라스틱용기 제조/부동산 임대",1991-01-14,12월,"전장열, 김영교(각자 대표이사)",http://www.hafeed.co.kr,부산광역시
대현,유가,016090,봉제의복 제조업,"여성의류 및 악세사리류 제조,도매,유통(백화점)",1990-09-20,12월,신윤황,http://www.daehyun.co.kr,서울특별시
케이비아이동국실업,유가,001620,자동차 신품 부품 제조업,"자동차부품(에어닥트,글로벌박스,노즐,어셈블리류,핸들류) 제조,판매/공장 임대",1990-09-15,12월,김용희,http://kbidongkook.com,서울특별시
광명전기,유가,017040,"전동기, 발전기 및 전기 변환 · 공급 · 제어 장치 제조업","수배전반,가스절연개폐장치,빌딩자동화시스템,중앙감시반,자동제어반 제조,도소매,무역",1990-09-14,12월,조광식,http://www.kmec.co.kr,경기도
부산산업,유가,011390,"시멘트, 석회, 플라스터 및 그 제품 제조업","레미콘 제조,판매",1990-09-14,12월,유광명,http://www.busanind.co.kr,부산광역시
STX,유가,011810,상품 종합 도매업,"에너지 원료(석탄,석유),산업기자재(기계부품) 도매",1990-09-12,12월,박상준,http://www.stx.co.kr,경상남도
고려아연,유가,010130,1차 비철금속 제조업,"연,아연괴 제조,판매",1990-07-28,12월,박기덕,http://www.koreazinc.co.kr,서울특별시
팜젠사이언스,유가,004720,의약품 제조업,의약품 외,1990-06-15,12월,박희덕,http://www.pharmgenscience.com,경기도
무림페이퍼,유가,009200,"펄프, 종이 및 판지 제조업","지류,아트지,백상지 제조",1990-06-09,12월,이도균,http://www.moorim.co.kr,경상남도
현대차증권,유가,001500,금융 지원 서비스업,"유가증권의매매,위탁매매,유가증권의 중개,대리/부동산 임대",1990-06-09,12월,배형근,http://hmsec.com,서울특별시
금비,유가,008870,유리 및 유리제품 제조업,"유리제품(주류병) 제조/화장품 도소매,수입(병제조기기)",1990-06-08,09월,고기영,http://www.e-kumbi.co.kr,경기도
원림,유가,005820,직물직조 및 직물제품 제조업,"고무,플라스틱제품,산업용포장재,PP.BAG,타포린 제조,도매/부동산 임대/주택 신축,판매/인터넷 정보통신/벤처회사 투자",1990-04-20,12월,신성엽,http://www.wonlim.co.kr,서울특별시
서흥,유가,008490,기타 화학제품 제조업,"의약품(하드캅셀,건강보조식품,소프트캅셀),건강보조식품,인삼제품 제조,판매",1990-03-27,12월,양주환,http://www.suheung.com,충청북도
성문전자,유가,014910,전자부품 제조업,"콘덴서용 증착필름,압력분무식 플러스자동도포기 제조,판매",1990-03-24,12월,신준섭,http://www.smec-korea.co.kr,경기도
HLB글로벌,유가,003580,종합 소매업,"미디어커머스(카밈, 스파알), 식음료(콤부차, 잼시럽), 화장품(퍼플리쉬, 엘리샤코이) 등",1990-03-23,12월,김광재,http://www.hlbglobal.co.kr,강원특별자치도
일진홀딩스,유가,015860,기타 금융업,"전기산업용기기(개폐기,차단기,배전반),자동화시스템,자동차엔진부품,절연전선,금구류,고압선,저압선 제조,판매/전기공사,가스절연차단기",1990-03-22,12월,허정석,http://www.iljin.co.kr,경기도
대영포장,유가,014160,"골판지, 종이 상자 및 종이용기 제조업","골판지원단,골판지상자 제조",1990-03-06,12월,"강병은,손용수",http://www.dypc.co.kr,경기도
영화금속,유가,012280,자동차 신품 부품 제조업,"자동차부품,건축자재(관이음쇠) 제조,판매",1990-01-25,12월,최동윤(단독 대표이사),http://www.yeonghwa.co.kr,경상남도
신풍제약,유가,019170,의약품 제조업,"의약품(항생제,혈전용해제,향정신성약품,구충제) 제조,판매",1990-01-20,12월,유 제 만,http://www.shinpoong.co.kr,경기도
동성제약,유가,002210,의약품 제조업,"의약품,화장품 제조,도매",1990-01-19,12월,최용석,http://dongsung-pharm.co.kr,서울특별시
아센디오,유가,012170,"영화, 비디오물, 방송프로그램 제작 및 배급업",석탄(점결탄) 판매,1989-12-20,12월,신민규,http://ascendio.co.kr,서울특별시
한올바이오파마,유가,009420,의약품 제조업,"의약품 제조,도매/부동산 임대",1989-12-18,12월,"박수진,박승국(공동대표이사)",http://www.hanall.co.kr,대전광역시
유니켐,유가,011330,자동차 신품 부품 제조업,"피혁 제조,도매,무역,부동산임대",1989-12-14,12월,이종완,http://www.uni-chem.net,경기도
대창,유가,012800,1차 비철금속 제조업,"황동봉,동합금괴 제조,판매",1989-12-05,12월,"조시영, 조정호",http://www.brassone.com,경기도
일성건설,유가,013360,토목 건설업,"건축공사,토목공사,전기공사",1989-12-02,12월,백종탁,http://www.ilsungconst.co.kr,경기도
까뮤이앤씨,유가,013700,건물 건설업,"토목공사,건축공사/부동산 임대",1989-11-30,12월,"손병재, 권순영 (각자 대표이사)",http://www.camusenc.com,경기도
보락,유가,002760,기타 화학제품 제조업,"식품향료,식품첨가물,화학제품,껌베이스(자일리톨,에리스리톨),담배향료 제조,판매",1989-11-30,12월,정기련,http://www.bolak.co.kr,경기도
선도전기,유가,007610,"전동기, 발전기 및 전기 변환 · 공급 · 제어 장치 제조업","수배전반,중전기기 제조,도매/전기공사",1989-11-30,12월,권 혁,http://www.seondo.co.kr,경기도
씨아이테크,유가,004920,영상 및 음향기기 제조업,"컴퓨터 소프트웨어,하드웨어 서버,도매",1989-11-30,12월,김대영,http://www.citech.kr,서울특별시
광동제약,유가,009290,의약품 제조업,"의약품,식음료 제조,도매",1989-11-17,12월,"최성원, 박상영(각자대표)",http://www.ekdp.com,경기도
갤럭시아에스엠,유가,011420,스포츠 서비스업,"스포츠중계권,스포츠마케팅,광고",1989-11-14,12월,이반석,http://galaxiasme.com,서울특별시
남성,유가,004270,기타 전문 도매업,"수출입(카오디오)/통신기기 제조,판매/이동통신,유선방송,정보통신/생활필수품,식품 판매/부동산 임대",1989-11-14,12월,윤성호,http://www.namsung.com,서울특별시
KISCO홀딩스,유가,001940,1차 철강 제조업,지주사업,1989-11-13,12월,"장세홍, 김동현 (각자대표)",http://www.kiscoholdings.co.kr,경상남도
태영건설,유가,009410,토목 건설업,"종합건설업(토목공사,도로공사,건축공사,관급공사,환경공사,상하수도공사,하수종말처리공사)/부동산 임대,매매",1989-11-13,12월,이강석,http://www.taeyoung.com,경기도
한국특강,유가,007280,1차 철강 제조업,"철강압연제품(앵글,이형형강,평철,환봉) 제조,판매",1989-11-13,12월,"한길구, 박성우",http://www.ekosco.com,경상남도
한솔로지스틱스,유가,009180,기타 운송관련 서비스업,"지류펄프 보관창고 운영/화물취급,화물운송알선,물류컨설팅/종합쇼핑몰운영,통신판매,인터넷백화점",1989-11-13,12월,고정한,http://www.hansollogistics.com,서울특별시
SYTS,유가,002170,"가죽, 가방 및 유사제품 제조업","피혁원단,혁제운동화,혁제장갑,혁제스포츠용품 제조,상품중개,무역",1989-11-10,12월,"허준홍, 정대락 (2인 각자 대표이사)",http://www.syts.com,서울특별시
SK텔레콤,유가,017670,전기 통신업,"이동전화,무선호출서비스,부가통신",1989-11-07,12월,정재헌,http://www.sktelecom.com,서울특별시
진양폴리우레탄,유가,010640,플라스틱제품 제조업,"폴리우레탄,폴리우레탄스폰지 제조,판매",1989-09-30,12월,최재호,http://www.chinyangpoly.kr,경기도
미창석유공업,유가,003650,석유 정제품 제조업,"윤활유,고무배합유,전기절연유 제조,판매,수출입",1989-09-27,12월,유재순,http://www.michang.co.kr,부산광역시
삼익THK,유가,004380,일반 목적용 기계 제조업,"직선운동시스템,메카트로시스템,기타정밀 자동화기기 제조,판매/전자상거래,인터넷 관련 s/w,h/w 개발,판매,유지보수",1989-09-26,12월,"진영환, 류영수",http://www.samickthk.co.kr,대구광역시
미원상사,유가,002840,기타 화학제품 제조업,"계면활성제,분황,황산,도료첨가제,프라스틱첨가제 제조",1989-09-25,12월,"홍창식, 강신우(각자대표)",http://www.mwc.co.kr,경기도
서연,유가,007860,기타 금융업,"자동차부품(승용차내장품-도어트림,헤드라이닝,승용차시트) 제조,도매",1989-09-09,12월,정대영,http://www.seo-yon.com,경기도
세우글로벌,유가,013000,기타 전문 도매업,"화공약품.엔지니어링 플라스틱,페놀계제품,석유화학제품 판매/철재가구,사무목재가구 제조/교육사업",1989-09-05,12월,안백순,http://www.sewooglobal.co.kr,인천광역시
현대모비스,유가,012330,자동차 신품 부품 제조업,"자동차A/S용 부품,컨테이너,특수중기,산업기계제품 생산,판매,부품모듈화,부품수출사업,환경/플랜트사업,특수중기부문(컨테이너)",1989-09-05,12월,"정의선, 이규석",http://www.mobis.com,서울특별시
KG케미칼,유가,001390,기초 화학물질 제조업,"콘크리트혼화제, 비료, 친환경농자재, 수처리제",1989-08-25,12월,"곽정현, 김재익",http://www.kgchem.co.kr,울산광역시
아진전자부품,유가,009320,자동차 신품 부품 제조업,자동차 전장부품,1989-08-25,12월,"서중호,문종은",http://www.dwecc.com,전북특별자치도
현대해상,유가,001450,보험업,손해보험(자동차보험),1989-08-25,12월,이석현,http://www.hi.co.kr,서울특별시
현대지에프홀딩스,유가,005440,기타 금융업,"백화점,여행알선,숙박,음식점/부동산 임대",1989-08-22,12월,"정지선, 장호진 (각자 대표이사)",http://https://www.hyundaigfholdings.co.kr/web/html/ko/CI/CI.html,서울특별시
한국전력공사,유가,015760,전기업,"전력자원개발,발전,송전,전력용기자재확보",1989-08-10,12월,김동철,http://www.kepco.co.kr,전라남도
한국전력공사,유가,015760,전기업,"전력자원개발,발전,송전,전력용기자재확보",1989-08-10,12월,김동철,http://www.kepco.co.kr,전남광주통합특별시
국도화학,유가,007690,기초 화학물질 제조업,"에폭시수지,폴리아마이드수지,아염소산소다 제조,도소매",1989-08-05,12월,"이시창, 황문성",http://www.kukdo.com,서울특별시
녹십자,유가,006280,의약품 제조업,"알부민외 제조,판매",1989-08-01,12월,허은철,http://www.gcbiopharma.com,경기도
SIMPAC,유가,009160,1차 철강 제조업,"프레스, 합금철",1989-07-29,12월,최진식,http://www.simpac.co.kr,인천광역시
윌비스,유가,008600,생활용품 도매업,"스웨터,니트,셔츠 도매,제조/컴퓨터주변기기 무역,오파,임대",1989-07-28,12월,지영민,http://www.willbes.com,충청남도
대창단조,유가,015230,자동차 신품 부품 제조업,"자동차,중장비 부품(크랭크샤프트,트랙링크조립체,커넥팅로드,중장비롤러류),기어,동력전달장치,단조가공품,단조품 제조",1989-07-25,12월,박권일,http://www.dcf.co.kr,경상남도
사조산업,유가,007160,수산물 가공 및 저장 처리업,"원양어업(참치,명태,오징어),육가공,참치통조림,장류 제조/냉동냉장 창고운영/부동산 임대/컴퓨터,소프트웨어 개발,도매/팝콘,구운김 도매",1989-07-25,12월,"주진우, 김치곤(각자대표)",http://www.sajo.co.kr,서울특별시
한익스프레스,유가,014130,도로 화물 운송업,"특수화물 운송(유류,화학류,벌크제품 등),냉동차,탱크로리운송,복합운송 주선,임대,택배/특장차,중기 제조,판매",1989-07-25,12월,유인철,http://www.hanex.co.kr,경기도
사조동아원,유가,008040,"곡물가공품, 전분 및 전분제품 제조업","제분, 배합사료 제조",1989-06-24,12월,이창주,http://do.sajo.co.kr,서울특별시
경인전자,유가,009140,전자부품 제조업,"스위치,리모콘,배선기구,섬머스타트,게임기,전자부품 제조,판매",1989-06-20,12월,김성은,http://www.kie.co.kr,서울특별시
무림P&P,유가,009580,"펄프, 종이 및 판지 제조업","표백화학펄프(B.K.P) 제조,목재가공,조림사업",1989-06-20,12월,이도균,http://www.moorimpnp.co.kr,울산광역시
인디에프,유가,014990,봉제의복 제조업,"여성의류,남성의류,캐쥬얼웨어 제조",1989-06-20,12월,김한수,http://www.inthef.co.kr,서울특별시
디와이,유가,013570,기타 금융업,"자동차부품,유공압기기,소각로,자동세차기,하훼유통,발효기,모터 제조",1989-05-30,12월,"김진호, 한상철",http://www.dy.co.kr,인천광역시
방림,유가,003610,직물직조 및 직물제품 제조업,"P/C혼방직물,면방적,각종사류,직물류 제조,도소매",1989-05-30,09월,서재희 대표집행임원,http://www.pangrim.com,서울특별시
DKME,유가,015590,일반 목적용 기계 제조업,"열교환기,압력용기,저장탱크,산업용보일러 제조",1989-05-27,12월,"백부기, 이문두",http://www.dkme.com,울산광역시
한솔케미칼,유가,014680,기초 화학물질 제조업,"과산화수소,라텍스,요소수지,수소액화탄산,차아황산소다 제조,판매,디지털카메라용 인화필름 제조,수출",1989-05-20,12월,한장안,http://www.hansolchemical.com,서울특별시
퍼스텍,유가,010820,무기 및 총포탄 제조업,"방위산업제품,프린터,불소화합물,자동차용 매트 제조/얼굴인식시스템 개발",1989-05-10,12월,손경석,http://www.firsteccom.co.kr,경상남도
동원산업,유가,006040,기타 금융업,지주회사,1989-03-07,12월,"김세훈, 박상진, 장인성",http://www.dongwon.com,서울특별시
대덕,유가,008060,기타 금융업,"산업용 인쇄회로기판,다층 인쇄회로기판,빌드업기판,반도체패키지기판,메모리모듈기판 제조",1989-01-26,12월,김영재,http://www.daeduckholdings.com,경기도
한성기업,유가,003680,수산물 가공 및 저장 처리업,"냉동식품,햄제품 제조,도매,보관/원양어업",1989-01-26,12월,"임우근,임준호(각자대표)",http://www.hsep.com,부산광역시
이스타코,유가,015020,부동산 임대 및 공급업,부동산 분양/입시학원 운영,1988-12-23,12월,"김승제,김동현(각자대표)",http://www.e-starco.co.kr,서울특별시
태림포장,유가,011280,"골판지, 종이 상자 및 종이용기 제조업","골판지,골판지상자,수출용박스 제조,도매/인쇄",1988-12-20,12월,강재영,http://www.tailim.com,경기도
아세아제지,유가,002310,"골판지, 종이 상자 및 종이용기 제조업","골판지원지,석고보드원지,크라프트원지,라이나원지,라이너지 제조,판매",1988-12-15,12월,"유승환, 이현탁",http://www.asiapaper.co.kr,서울특별시
화천기계,유가,010660,특수 목적용 기계 제조업,"선반,밀링,연삭기,CNC선반,CNC밀링,머시닝센타 제조,판매/자동차부품(실린더블럭) 제조",1988-12-12,12월,"권형석, 권형운 (공동대표이사)",http://www.hwacheon.co.kr,서울특별시
CJ씨푸드,유가,011150,기타 식품 제조업,"수산물(어묵,맛살)가공품 도매,원양수산업,수출입",1988-11-26,12월,임항순,http://www.cjseafood.net,경기도
SHD,유가,001770,1차 철강 제조업,"석도강판,표면처리강판 제조,임가공,판매",1988-11-23,12월,신종호,http://www.shinhwatp.co.kr,경기도
조일알미늄,유가,018470,1차 비철금속 제조업,"알루미늄판 제조,도매",1988-11-22,12월,"이영호,성원모",http://www.choilal.co.kr,경상북도
에스엘,유가,005850,자동차 신품 부품 제조업,"자동차부품(자동차램프, 전동화부품, 전자부품) 제조, 판매",1988-11-08,12월,"이성엽,정문호",http://www.slworld.com,대구광역시
영원무역홀딩스,유가,009970,기타 금융업,"스포츠의류(등산복,운동복,스키복) 도소매,수출,섬유봉제",1988-11-07,12월,성래은,,서울특별시
보령,유가,003850,의약품 제조업,"의약품(제산제(겔포스),구심,용각산,고혈압치료제(카프릴),소염진통제(멘소레담),항생제(듀리세프),혈전치료제(아스트릭스)) 제조",1988-10-24,12월,김정균,http://www.boryung.co.kr,서울특별시
이건산업,유가,008250,나무제품 제조업,"컨테이너용합판,목재 파렛트,프레스우드 파렛트,가공목재,제재목 제조/부동산 임대",1988-10-21,12월,문보영,http://www.eagon.com,인천광역시
모나리자,유가,012690,기타 종이 및 판지 제품 제조업,"화장지,미용티슈 제조,도매",1988-10-14,12월,이석주,http://www.monarisa.co.kr,서울특별시
대구백화점,유가,006370,종합 소매업,"백화점운영,임대사업(백화점 코너)",1988-10-10,12월,구정모,http://www.debec.co.kr,대구광역시
우성,유가,006980,"곡물가공품, 전분 및 전분제품 제조업","배합사료,Suit-feed(맞춤 TMR(육성우,건유우,착유우) 사료),농후사료,곡류(강피류 등 부산물) 제조,판매/부동산 임대,무역",1988-10-10,12월,한재규,http://wsgroup.co.kr,대전광역시
유성기업,유가,002920,자동차 신품 부품 제조업,"철도차량부품(피스턴링,실린더라이너,발브가이드,타펫트),자동차부품,주강,주물 제조,판매",1988-10-10,12월,류현석(대표이사),http://www.ypr.co.kr,충청남도
한일철강,유가,002220,1차 철강 제조업,"강관류,철판류,금속관류,건축자재,자동차부품 제조,도매",1988-10-07,12월,엄정헌,http://www.hanilsteel.co.kr,서울특별시
삼익악기,유가,002450,악기 제조업,"피아노,기타,현악기,전자악기,동 부분품 제조,임대,도매",1988-09-30,12월,"김종섭, 김민수",http://www.samick.co.kr,충청북도
HS화성,유가,002460,건물 건설업,아파트 건설,1988-09-29,12월,"이종원,임기영",http://www.hwasung.com,대구광역시
DN오토모티브,유가,007340,일차전지 및 이차전지 제조업,자동차용 밧데리,1988-09-24,12월,김상헌 김인환,http://www.dnautomotive.com,경상남도
보해양조,유가,000890,알코올음료 제조업,"주류(소주,매취,실비우스,위스키) 제조,음료 도매",1988-09-23,12월,조영석,http://www.bohae.co.kr,전남광주통합특별시
보해양조,유가,000890,알코올음료 제조업,"주류(소주,매취,실비우스,위스키) 제조,음료 도매",1988-09-23,12월,조영석,http://www.bohae.co.kr,전라남도
상상인증권,유가,001290,금융 지원 서비스업,유가증권 매매,1988-09-23,12월,주원,http://www.sangsanginib.com,서울특별시
혜인,유가,003010,기계장비 및 관련 물품 도매업,"건설기계,산업용 기계장비(진공흡인차,세정차),스테거크레인,비상용발전기,해상용엔진 도소매/창고",1988-09-20,12월,원경희,http://www.haein.com,서울특별시
금강공업,유가,014280,1차 철강 제조업,"건설가설재,강관,거푸집 제조,판매",1988-09-10,12월,"전장열, 전재범 (각자 대표이사)",http://www.kumkangkind.com,부산광역시
플레이그램,유가,009810,기타 전문 도매업,"MRO, 영상콘텐츠",1988-08-31,12월,"김재욱, 선영",http://www.playgram.co.kr,서울특별시
율촌화학,유가,008730,플라스틱제품 제조업,"연포장재,필름,골판지상자,합성수지,플라스틱일반성형제품 제조",1988-08-30,12월,"송녹정,신동윤",http://www.youlchon.com,서울특별시
신원,유가,009270,봉제의복 제조업,"여성,남성의류,스웨터,의복관련 악세사리,사카린,망초 제조,판매,수출입/섬유의류 도매/신용카드업/의류전문 물류대행 및 임대사업",1988-08-24,12월,박정주,http://www.sw.co.kr,서울특별시
동방,유가,004140,기타 운송관련 서비스업,"육상운송,해상운송,항만화물하역,보관,창고,물류사업",1988-08-10,12월,정운건,http://www.dongbang.co.kr,서울특별시
한국쉘석유,유가,002960,석유 정제품 제조업,"윤활유,그리스 제조,도매",1988-08-10,12월,이승봉,http://www.shell.co.kr,부산광역시
부광약품,유가,003000,의약품 제조업,"의약품,치약,의약부외품(부광탁스,레가론,부광안티프라그) 제조",1988-08-05,12월,이제영,http://www.bukwang.co.kr,서울특별시
풍산홀딩스,유가,005810,기타 금융업,"동판제,대,관,봉,선,소전,동파이프 제조,도매,무역",1988-07-28,12월,박우동,http://www.poongsanhc.co.kr,인천광역시
부국증권,유가,001270,금융 지원 서비스업,"유가증권 매매,위탁매매,인수,주선",1988-07-19,12월,박현철,http://www.bookook.co.kr,서울특별시
계양전기,유가,012200,일반 목적용 기계 제조업,"전동공구(그라인더,드릴,커팅머신 등), 엔진, 자동차용 모터 제조",1988-07-06,12월,임영환,http://www.keyang.co.kr,서울특별시
한솔테크닉스,유가,004710,전자부품 제조업,"백라이트유닛,인버터,폴리바리콘,모니터,통신장비 제조",1988-07-06,12월,유경준,http://www.hansoltechnics.com,서울특별시
DB증권,유가,016610,금융 지원 서비스업,"유가증권,위탁매매,인수,자기매매",1988-06-27,12월,곽봉석,http://dbsec.co.kr,서울특별시
한미사이언스,유가,008930,기타 금융업,"항생제(세포탁심,세포트리악손),유산균정장제(메디락비타,메디락베베),위장관운동조절개선제(설프라이드),고혈압치료제(유니바스크),원료의약품,식품 제조,판매",1988-06-20,12월,김재교,http://www.hanmiscience.co.kr,경기도
삼진제약,유가,005500,의약품 제조업,"의약품(게보린,세트라졸,염산나록손) 제조,판매,수출입,약초재배",1988-06-18,12월,"최지현, 조규석",http://www.samjinpharm.co.kr,서울특별시
POSCO홀딩스,유가,005490,1차 철강 제조업,"열연코일,냉연강판,후판,선재,스테인리스 제조",1988-06-10,12월,"대표이사 회장 장인화, 대표이사 사장 이주태",http://www.posco-inc.com,경상북도
범양건영,유가,002410,건물 건설업,"토목공사,주택건설,건축공사,난방공사,전기공사,포장공사",1988-05-25,12월,강병주,http://www.iby.co.kr,부산광역시
파미셀,유가,005690,전자부품 제조업,"줄기세포치료제,화장품",1988-05-20,12월,김현수,http://www.pharmicell.com,서울특별시
동국홀딩스,유가,001230,기타 금융업,"후판,철근,강판,형강,앵글,찬넬,평철 제조,판매",1988-05-09,12월,장세욱,http://www.dongkuk.co.kr,서울특별시
대원전선,유가,006340,절연선 및 케이블 제조업,"전선,통신케이블,무선통신장비,합성수지 제조,도매/부동산 매매,임대",1988-05-04,12월,서명환,http://www.daewoncable.co.kr,충청남도
이수화학,유가,005950,기초 화학물질 제조업,"등유,알킬벤젠,윤활유,노말파라핀 제조,도매",1988-04-28,12월,"김동민, 주봉진",http://www.isuchemical.co.kr,서울특별시
삼성증권,유가,016360,금융 지원 서비스업,"유가증권의 매매,위탁매매,인수주선",1988-03-28,12월,박종문,http://www.samsungpop.com,서울특별시
삼영무역,유가,002810,기타 전문 도매업,"화공약품, 안경렌즈",1988-03-28,12월,이승용,http://www.samyung.co.kr,서울특별시
한양증권,유가,001750,금융 지원 서비스업,증권업,1988-03-04,12월,김병철,http://www.hygood.co.kr,서울특별시
금호석유화학,유가,011780,기초 화학물질 제조업,"합성고무 SBR(스티렌부타디엔러버),BR(폴리부타디엔러버),합성수지,BD,라텍스 제조,도소매",1988-01-22,12월,백종훈,http://www.kkpc.com,서울특별시
유안타증권,유가,003470,금융 지원 서비스업,"유가증권 매매,중개,대리,인수",1988-01-21,12월,뤄즈펑,http://www.yuantakorea.com,서울특별시
제일파마홀딩스,유가,002620,회사 본부 및 경영 컨설팅 서비스업,"의약품(타리비드,제일파프,노엘,푸라솔) 제조,도매",1988-01-20,12월,한상철,http://www.jeilpharm.co.kr,서울특별시
에이엔피,유가,015260,전자부품 제조업,"전자부품(인쇄회로기판),무정전 전원공급장치 제조",1988-01-18,12월,전운관,http://anpcb.co.kr,인천광역시
한창제지,유가,009460,"펄프, 종이 및 판지 제조업","마닐라판지,고급백판지(ALL PULP) 제조,판매,수출입",1987-12-23,12월,"KIM JOONYOUNG, 이상무 각자대표",http://www.hcpaper.co.kr,경상남도
넥센,유가,005720,고무제품 제조업,"자동차용 재생타이어튜브,솔리드타이어,고무부품,골프볼,와이어로프소재,특수강선,열처리도금선,건자재 제조,판매,수출입",1987-12-19,12월,"강병중, 강호찬, 문성희",http://www.nexencorp.co.kr,경상남도
삼성공조,유가,006660,자동차 신품 부품 제조업,"자동차부품(라디에터,오일쿨러) 제조,판매",1987-11-28,12월,고호곤,http://www.samsungcc.co.kr,경상남도
세방전지,유가,004490,일차전지 및 이차전지 제조업,"자동차용 및 산업용 축전지(연축전지) 제조,판매",1987-11-28,12월,대표이사 박정희,http://www.gbattery.com,서울특별시
진원생명과학,유가,011000,의약품 제조업,플라스미드,1987-11-16,12월,"한우근, 김경진(각자대표)",http://www.genels.com,서울특별시
참엔지니어링,유가,009310,특수 목적용 기계 제조업,FPD Laser Repair 장비 등 (FPD 장비의 개발과 제조 및 판매),1987-11-12,12월,안경환,http://www.charmeng.com,경기도
한국무브넥스,유가,010100,자동차 신품 부품 제조업,"자동차부품(제동,구동장치),프랜지(관이음쇠),철구조물,산업기계 제조",1987-10-02,12월,이현덕,http://www.koreamovenex.com,울산광역시
코스모신소재,유가,005070,기타 화학제품 제조업,"이차전지양극활물질,기능성필름",1987-09-28,12월,홍동환,http://www.cosmoamt.com,충청북도
덕성,유가,004830,플라스틱제품 제조업,"플라스틱레쟈,합성수지,합성피혁 제조,도매",1987-09-25,12월,"이봉근, 김성진 (각자대표이사)",http://www.duksung21.com,경기도
신영증권,유가,001720,금융 지원 서비스업,증권업,1987-08-24,03월,"금정호, 김대일",http://www.shinyoung.com,서울특별시
유진증권,유가,001200,금융 지원 서비스업,"유가증권 매매,중개,인수",1987-08-24,12월,"유창수, 고경모(각자 대표)",http://www.eugenefn.com,서울특별시
유화증권,유가,003460,금융 지원 서비스업,증권업,1987-08-24,12월,서태영,http://www.yhs.co.kr,서울특별시
한신기계공업,유가,011700,일반 목적용 기계 제조업,"공기압축기,공구류 제조,판매/오파",1987-07-24,12월,최영민,http://www.hanshin.co.kr,경기도
코스모화학,유가,005420,기타 화학제품 제조업,"이산화티타늄 및 부산물, 황산코발트 및 부산물",1987-07-23,12월,김두영,http://www.cosmochem.co.kr,서울특별시
가온전선,유가,000500,절연선 및 케이블 제조업,"전력선,통신케이블 제조,도매,수출입",1987-06-08,12월,정 현,http://www.gaoncable.com,경기도
S-Oil,유가,010950,석유 정제품 제조업,"석유제품,가스,윤활기유,윤활유,그리스,석유화학제품 제조,도매",1987-05-27,12월,Anwar A. Al-Hejazi (안와르 에이 알-히즈아지),http://www.s-oil.com,서울특별시
한화에어로스페이스,유가,012450,"항공기,우주선 및 부품 제조업","항공기엔진,특수방산장비 제조/정비사업",1987-05-27,12월,"김동관, 손재일",http://www.hanwhaaerospace.com,경상남도
삼화전자공업,유가,011230,영상 및 음향기기 제조업,"전자부품(페라이트 코어,SMPS,편향요크(DY),고압변성기(FBT)용코어) 제조,판매",1987-05-25,12월,"오영주, 이건화",http://www.samwha.co.kr,경기도
현대제철,유가,004020,1차 철강 제조업,"H형강,제철,제강,철근,압연,스테인레스,주강,시트파일 제조,수출입,중기부품(탱크바퀴)제조,판매",1987-05-23,12월,이보룡,http://www.hyundai-steel.com,인천광역시
써니전자,유가,004770,전자부품 제조업,"수정진동자,수정발진기,초음파지연선,MCF,축수나사 제조,도매,수출입",1987-04-22,12월,차상권,http://www.sunny.co.kr,충청북도
현대비앤지스틸,유가,004560,1차 철강 제조업,"스텐레스냉연강판,특수강 제조",1987-03-24,12월,"대표이사 사장 정일선, 대표이사 전무 김성문(각자 대표이사)",http://www.hyundai-bngsteel.com,경상남도
사조오양,유가,006090,수산물 가공 및 저장 처리업,"원양어업/수산물가공(게맛살) 제조,수출입/냉동 및 냉장보관/부동산 임대",1986-12-24,12월,김택준,http://www.sajooy.com,서울특별시
한화투자증권,유가,003530,금융 지원 서비스업,"유가증권 위탁매매,자기매매,인수주선",1986-11-25,12월,장병호,http://www.koreastock.co.kr,서울특별시
삼화전기,유가,009470,전자부품 제조업,"콘덴서 제조,판매",1986-11-24,12월,"오영주, 박종온",http://www.samwha.co.kr,충청북도
SK증권,유가,001510,금융 지원 서비스업,"증권업,부동산 임대",1986-09-20,12월,"전우종, 정준호",http://www.sks.co.kr,서울특별시
평화홀딩스,유가,010770,자동차 신품 부품 제조업,지주회사,1986-03-31,12월,"황순용, 김주영",http://www.phhc.co.kr,대구광역시
일신석재,유가,007110,"건축자재, 철물 및 난방장치 도매업","건축석 제조,도소매/석공예,석공사",1986-03-04,12월,조용철,http://www.ilshinstone.co.kr,서울특별시
KG스틸,유가,016380,1차 철강 제조업,"철강재(냉연강판,아연도강판,칼라강판,석도강판,선재류,강관,형강,봉강),비철금속 제조,도매",1986-02-03,12월,김성일,http://kg-steel.co.kr,서울특별시
아이에스동서,유가,010780,"시멘트, 석회, 플라스터 및 그 제품 제조업","타일,위생도기,콘크리트파일,P.C관,침목 제조,도매",1986-01-27,12월,"배기문, 남병옥",http://www.isdongseo.co.kr,경기도
SH에너지화학,유가,002360,기초 화학물질 제조업,"합성수지(PS/EPS,ABS수지) 제조",1985-12-23,12월,"정케빈규봉, 최찬욱 (공동대표이사)",http://www.sh-enerchem.com,전북특별자치도
대한화섬,유가,003830,화학섬유 제조업,"화학섬유원사(FY,PTY,S.FIBER)제조",1985-12-23,12월,김대정,http://www.daehansf.co.kr,서울특별시
코리아써키트,유가,007810,전자부품 제조업,"인쇄회로기판,Module 제조/부동산(건물) 임대",1985-09-09,12월,장세준,http://www.kcg.co.kr,경기도
신세계,유가,004170,종합 소매업,"백화점,할인점(E마트)",1985-08-19,12월,박주형,http://www.shinsegae.com,서울특별시
OCI홀딩스,유가,010060,기타 금융업,"타르제품,카본블랙,무수프탈산,농약원제,석탄화학제품,정밀화학제품,플라스틱창호재 제조,판매",1985-07-09,12월,"이우현, 이수미(2인, 각자 대표이사)",http://www.oci-holdings.co.kr,서울특별시
삼일제약,유가,000520,의약품 제조업,"양약(부루펜,액티피드,포리부틴) 제조,도매",1985-05-29,12월,허승범,http://www.samil-pharm.com,서울특별시
프리티,유가,006490,전기 통신업,"시계,스마트그리드,도소매,소프트웨어개발",1985-01-17,12월,송병권,http://www.inscobee.com,서울특별시
일성아이에스,유가,003120,의약품 제조업,"의약품(항생제,화학료법제,항바이러스,근이완제,영양액륜) 제조,판매",1985-01-14,12월,"윤석근, 엄대식, 윤종호(각자대표)",http://www.ilsungis.com,경기도
현대건설,유가,000720,토목 건설업,"공사수입,주택분양,건설산업부문 설계,감리 등 엔지니어링서비스",1984-12-22,12월,이한우,http://www.hdec.kr,서울특별시
TCC스틸,유가,002710,1차 철강 제조업,"석도강판,표면처리강판 제조,판매",1984-12-21,12월,"손기영, 김영학",http://www.tccsteel.com,경상북도
에이프로젠바이오로직스,유가,003060,의약품 제조업,"의약품(항생제,영양수액제,드링크제,철결핍성빈혈예방치료제,경옥동충하초) 제조,판매",1984-10-19,12월,"김재섭, 김정출",http://www.aprogen-pharm.com,서울특별시
F&F 홀딩스,유가,007700,기타 금융업,지주회사,1984-10-04,12월,박의헌,http://www.fnfholdings.com,서울특별시
아남전자,유가,008700,영상 및 음향기기 제조업,"칼라TV,오디오,비디오 제조,도매",1984-08-11,12월,"공동대표이사 : 유성준, 박준구",http://www.aname.co.kr,서울특별시
GS건설,유가,006360,건물 건설업,"토목공사,건축공사,주택공사,산업플랜트공사,리모델링공사,시설물유지관리공사/산업설비설계,감리 용역,수출입/에너지관리 진단,연구개발",1981-08-03,12월,"허윤홍, 김태진(각자 대표이사)",http://www.gsenc.com,서울특별시
삼아알미늄,유가,006110,1차 비철금속 제조업,"알루미늄박지,은박지,은박가공품,알페이스트 제조,도매,수출",1980-12-05,12월,"한남희, 김진범",http://www.sama-al.com,경기도
한국전자홀딩스,유가,006200,기타 금융업,"시장조사,경영컨설팅",1979-11-30,12월,박 명 덕,http://www.kecholdings.co.kr,서울특별시
삼성SDI,유가,006400,일차전지 및 이차전지 제조업,"2차전지, 전자재료 제조 판매",1979-02-27,12월,최주선,http://www.samsungsdi.co.kr,경기도
삼성전기,유가,009150,전자부품 제조업,"수동소자 (MLCC, Inductor, Chip Resistor 등), 모듈(카메라모듈, 통신모듈), 반도체패키지 기판",1979-02-27,12월,장덕현,http://www.sem.samsung.co.kr,경기도
동부건설,유가,005960,토목 건설업,"건축공사,토목공사,전기공사,기계설비공사/비금속,철구조물 제조,판매/여객,자동차 운송,항만하역",1978-10-30,12월,윤진오,http://dbcon.dongbu.co.kr,서울특별시
케이씨티시,유가,009070,도로 화물 운송업,"화물자동차운송,항만하역,창고보관,컨테이너조작,중량물해상운송",1978-09-29,12월,류주환,http://www.kctc.co.kr,서울특별시
코오롱글로벌,유가,003070,토목 건설업,"토목공사,일반건설,주택건설,해외건설,소각로설비공사/환경플랜트,폐처리기 제조",1978-09-15,12월,김영범,http://www.kolonglobal.com,경기도
빙그레,유가,005180,동·식물성 유지 및 낙농제품 제조업,"아이스크림,우유,스낵,유산균(욥닥터캡슐) 제조",1978-08-31,12월,김광수,http://www.bing.co.kr,경기도
녹십자홀딩스,유가,005250,회사 본부 및 경영 컨설팅 서비스업,"알부민,유로키나제,간염백신,유행성출혈열백신 제조",1978-08-28,12월,"허일섭, 허용준",http://www.gccorp.com,경기도
시알홀딩스,유가,000480,"내화, 비내화 요업제품 제조업","내화연와(정형,부정형,S/N,CCN),단열벽돌,스라이딩노즐,연주용 특수내화물 제조",1978-06-30,12월,강문수,http://www.crholdings.co.kr,전라남도
시알홀딩스,유가,000480,"내화, 비내화 요업제품 제조업","내화연와(정형,부정형,S/N,CCN),단열벽돌,스라이딩노즐,연주용 특수내화물 제조",1978-06-30,12월,강문수,http://www.crholdings.co.kr,전남광주통합특별시
현대약품,유가,004310,의약품 제조업,"타코실, 마이녹실, 테놀민, 미에로화이바 등",1978-06-28,11월,이상준,http://www.hyundaipharm.co.kr,충청남도
남양유업,유가,003920,동·식물성 유지 및 낙농제품 제조업,"시유,조제분유,발효유,이유밀,치즈,프렌치까페 제조,도매",1978-06-24,12월,김승언(대표집행임원),http://www.namyangi.com,서울특별시
남선알미늄,유가,008350,1차 비철금속 제조업,알미늄샷시 제조/환경사업,1978-05-22,12월,"조현기, 정순원, 김제욱(각자대표)",http://www.namsun.co.kr,대구광역시
한국화장품제조,유가,003350,기타 화학제품 제조업,"화장품(OEM,ODM)",1978-02-06,12월,이용준,http://www.hkcosm.com,서울특별시
현대코퍼레이션,유가,011760,상품 종합 도매업,"자동차,철강,기계,선박,플랜트,컴퓨터,전자제품 수출,수출입대행/자원(탄광,유전) 개발",1977-12-01,12월,"정몽혁, 김원갑, 장안석(각자대표이사)",http://www.hyundaicorp.co.kr,서울특별시
LS,유가,006260,기타 금융업,"전력용전선,일반전선,통신케이블,동선,알루미늄선,공조기,프라스틱사출성형기 제조,도매",1977-06-30,12월,명노현,http://www.lsholdings.co.kr,서울특별시
SK네트웍스,유가,001740,기타 전문 도매업,"정보통신 유통, 자동차 관리, 글로벌 트레이딩, 호텔&리조트",1977-06-30,12월,이호정,http://www.sknetworks.co.kr,경기도
경농,유가,002100,"비료, 농약 및 살균, 살충제 제조업","완제농약(잡초약,살충제,살균제) 제조",1977-06-30,12월,"이병만,이용진",http://www.knco.co.kr,서울특별시
티웨이홀딩스,유가,004870,"시멘트, 석회, 플라스터 및 그 제품 제조업","레미콘,콘크리트파일,완구 제조/미니어쳐테마파크 운영",1977-06-30,12월,서종대,http://www.twayholdings.com,서울특별시
동방아그로,유가,007590,"비료, 농약 및 살균, 살충제 제조업","농약(잡초발생전 토양처리형 밭잡초약,부메랑,주움,그라목손) 제조,도매",1977-06-29,12월,"염병만, 염병진",http://www.dongbangagro.co.kr,서울특별시
송원산업,유가,004430,기타 화학제품 제조업,"폴리머첨가제(PVC안정제,산화방지제),폴리우레탄수지,프라스틱첨가제 제조",1977-06-25,12월,김충식 대표이사,http://www.songwon.com,울산광역시
진흥기업,유가,002780,토목 건설업,"아파트건설,토목공사,건축공사,국내도급공사",1977-06-25,12월,김태균,http://www.chinhung.co.kr,인천광역시
한국석유공업,유가,004090,기타 비금속 광물제품 제조업,"석유류제품(솔벤트,부로운아스팔트,방수시트몰터프라스,메타놀,빙초산) 제조,도소매/부동산 임대",1977-06-25,12월,"강승모,송상호(각자 대표이사)",http://www.koreapetroleum.com,서울특별시
천일고속,유가,000650,육상 여객 운송업,"고속버스운수(경부선,44개 노선),도로여객운수업,운수창고업,유류판매,부동산 임대",1977-06-23,12월,박도현,http://www.chunilexpress.com,부산광역시
대원강업,유가,000430,자동차 신품 부품 제조업,차랑용 스프링 및 시트,1977-06-22,12월,"박민희, 김항수",http://www.dwku.com,충청남도
만호제강,유가,001080,1차 철강 제조업,"와이어로프,합성섬유로프,특수강선 제조,수출,임대",1977-06-18,12월,"안병두, 임관헌",http://www.manhorope.com,부산광역시
조광피혁,유가,004700,"가죽, 가방 및 유사제품 제조업","가죽(피혁원단,제화용원단,카시트용원단),가방,신발 제조,도매",1977-05-27,12월,이연석,http://www.chokwang.co.kr,충청북도
세방,유가,004360,도로 화물 운송업,"도로운송,항만하역,창고,지게차 임대",1977-05-19,12월,최종일,http://www.sebang.com,부산광역시
KBI동양철관,유가,008970,1차 철강 제조업,"수도용 도복장 강관,주물(강관말뚝),가스관 제조/아파트건설",1977-03-05,12월,이곽우,http://www.dysp.co.kr,충청남도
디와이에이,유가,002880,자동차 신품 부품 제조업,자동차부품(자동차용 시트)제조,1977-02-18,12월,"임근호, 박은진(각자대표)",http://www.dayouat.co.kr,전남광주통합특별시
디와이에이,유가,002880,자동차 신품 부품 제조업,자동차부품(자동차용 시트)제조,1977-02-18,12월,"임근호, 박은진(각자대표)",http://www.dayouat.co.kr,광주광역시
남광토건,유가,001260,토목 건설업,"토목공사,건축공사,기전공사,측량설계시공,용역/철구조물 제조",1976-12-28,12월,"김종수, 이동철(각자대표)",http://www.namkwang.co.kr,경기도
삼영전자공업,유가,005680,전자부품 제조업,"전자부품(알루미늄 전해콘덴서),전기이중층콘덴서,센서 제조,도매",1976-12-28,12월,"변동준, 김성수(각자 대표이사)",http://www.samyoung.co.kr,경기도
신영와코루,유가,005800,봉제의복 제조업,"여성용 내의류(화운데이션,란제리,블래지어),환자,노령자용 파자마,남성용 내의류 제조",1976-12-28,12월,"이의평, 이성원",http://www.shinyoungwacoal.co.kr/,서울특별시
오리엔트바이오,유가,002630,의약품 제조업,의약품 제조,1976-12-28,03월,장재진,http://www.orientbio.co.kr/,경기도
조비,유가,001550,"비료, 농약 및 살균, 살충제 제조업","복합비료(연초용,수도용,시판용,특수작물용),양액재배용 비료,완효성 비료,부직포 제조,무역",1976-12-28,12월,이승연,http://www.chobi.co.kr,서울특별시
한국공항,유가,005430,기타 운송관련 서비스업,"항공기 지상조업,항공화물 상하역,장비대여,항공용역사업,항공기급유,항공화물 취급,보관,부정기헬기운송,여행알선,광업,먹는샘물 제조,농축산업",1976-12-28,12월,이수근,http://www.kas.co.kr,서울특별시
조광페인트,유가,004910,기타 화학제품 제조업,"도료(우레탄,에나멜,락카,특수도료) 제조,도매",1976-12-27,12월,양성아,http://www.chokwangpaint.co.kr,부산광역시
SB성보,유가,003080,"비료, 농약 및 살균, 살충제 제조업","완제농약(해비치과립,카스텔란),원제농약(슈퍼유나니,다이아톤) 제조,도매",1976-12-23,12월,윤정선,http://www.sbcc.kr,경기도
삼천리,유가,004690,연료용 가스 제조 및 배관공급업,도시가스 공급/부동산 임대,1976-12-23,12월,"유재권, 전영택",http://www.samchully.co.kr,서울특별시
조흥,유가,002600,기타 식품 제조업,"휘핑크림,인스턴트이스트,프루츠칵테일,크림치즈,견과류,건조과일 제조,판매/주택 신축,판매",1976-12-23,12월,함영제,http://www.choheung.co.kr,경기도
금양,유가,001570,기초 화학물질 제조업,"발포제,사카린,OPTSA,베나졸,TCA 제조",1976-12-17,12월,류광지,http://www.kyc.co.kr,부산광역시
사조대림,유가,003960,수산물 가공 및 저장 처리업,"게맛살,어육연제품,식용류,배합사료 제조",1976-09-16,12월,김상훈,http://dr.sajo.co.kr,서울특별시
비비안,유가,002070,봉제의복 제조업,"여성내의류(스타킹,화운데이숀,란제리),카바링사 제조,수출입/부동산 매매,임대",1976-07-13,12월,손영섭,http://www.vivien.co.kr,서울특별시
SNT다이내믹스,유가,003570,자동차 신품 부품 제조업,"자동차부품(동력전달장치 등),공작기계(CNC선반 등),사출성형기 제조",1976-07-08,12월,박재석,http://www.hisntd.com,경상남도
한신공영,유가,004960,건물 건설업,"토목공사,건축공사,주택건설,유통업(백화점),문화교실,주차장",1976-07-07,12월,"최문규,전재식(각자 대표이사)",http://www.hanshinc.com,경기도
농심,유가,004370,기타 식품 제조업,"라면,스낵,유지 제조,도매,수출입",1976-06-30,12월,조용철,http://www.nongshim.com,서울특별시
삼영,유가,003720,플라스틱제품 제조업,"합성수지(BOPP,캐파시타),PPC,랩,종이상자(카톤팩) 제조",1976-06-30,12월,"이석준, 조영한",http://www.sycc.co.kr,서울특별시
성신양회,유가,004980,"시멘트, 석회, 플라스터 및 그 제품 제조업","시멘트,레미콘 제조",1976-06-30,12월,한인호,http://www.sungshincement.co.kr,서울특별시
신라교역,유가,004970,어로 어업,"원양어업(참치,명태,휠레트,연육,명란,새우),어획물 판매/직물 수출",1976-06-30,12월,김호운,http://www.sla.co.kr,서울특별시
신풍,유가,002870,기타 전문 도매업,"마닐라판지 제조,도소매",1976-06-30,12월,정학헌,http://spinc.co.kr,서울특별시
종근당홀딩스,유가,001630,의약품 제조업,"의약품(항생제,위궤양치료제,장기이식면역억제제,고지혈증치료제(로바이드)) 제조,도매",1976-06-30,12월,최희남,http://www.ckd-holdings.com,서울특별시
크라운해태홀딩스,유가,005740,기타 금융업,"비스켓,쵸코렛,사탕,웨이퍼 제조,도매",1976-06-30,12월,윤석빈,http://www.crown.co.kr,서울특별시
한독,유가,002390,의약품 제조업,"의약품(소화제,크라포란,라식스)제조,도매,부동산 임대",1976-06-30,12월,"김영진, 백진기",http://www.handok.co.kr,서울특별시
SG글로벌,유가,001380,자동차 신품 부품 제조업,자동차시트 및 자동차시트커버(Seat Trim Cover),1976-06-29,12월,이의범,http://www.sgglobal.co.kr,충청남도
SK디스커버리,유가,006120,기타 금융업,"화섬사(폴리에스테르원사(폴리에스터F,폴리에스터SF),폴리에스터직물,아세테이트),석유화학부문(TPA,DMT),섬유원료,직물,BOTTLE용CHIP,접착제,폴리우레탄 제조,",1976-06-29,12월,"최창원, 손현호",http://www.skdiscovery.com,경기도
샘표,유가,007540,기타 금융업,"간장,된장,고추장 제조,가공,판매,무역",1976-06-29,12월,박진선,http://www.sempio.com,서울특별시
흥아해운,유가,003280,해상 운송업,외항화물운송업(케미컬탱커),1976-06-29,12월,이환구,http://www.heung-a.com,서울특별시
GS글로벌,유가,001250,상품 종합 도매업,"수출입업(시멘트,철강금속,전기전자,섬유,기계화학),상품중개,광업,채석업/하수처리 서비스/부동산 임대",1976-06-26,12월,김성원,http://www.gsgcorp.com,서울특별시
금호건설,유가,002990,건물 건설업,"종합건설/여객운송,관광/부동산 임대,분양",1976-06-26,12월,조완석,http://www.kumhoenc.com,전라남도
금호건설,유가,002990,건물 건설업,"종합건설/여객운송,관광/부동산 임대,분양",1976-06-26,12월,조완석,http://www.kumhoenc.com,전남광주통합특별시
삼부토건,유가,001470,토목 건설업,"토목공사,건축공사,포장공사,건설업,분양사업/건설자재 제조",1976-06-26,12월,오일록,http://www.sambu.co.kr,서울특별시
삼화콘덴서공업,유가,001820,전자부품 제조업,콘덴서(축전기) 제조,1976-06-26,12월,"오영주, 박진",http://www.samwha.com,경기도
페이퍼코리아,유가,001020,"펄프, 종이 및 판지 제조업","제지(신문용지,중질지),합판 제조,건설,석유류 판매",1976-06-26,12월,문성운,http://www.papercorea.co.kr,전북특별자치도
동양,유가,001520,"시멘트, 석회, 플라스터 및 그 제품 제조업",레미콘/건설공사/산업용 송풍기,1976-06-25,12월,"정진학, 유정민(각자 대표이사)",http://www.tongyanginc.co.kr,서울특별시
한화,유가,000880,기타 화학제품 제조업,"화약,화공품,자동선반류,공작기계 제조,전자교환기,건설,정보통신,종합무역/임직원 및 개인대상 교육,세미나 및 워크샵 중계,동영상광고",1976-06-24,12월,"김동관, 류두형, 김우석",http://www.hanwhacorp.co.kr,서울특별시
JW중외제약,유가,001060,의약품 제조업,"수액제,이상지질혈증치료제,혈우병치료제,소화기궤양치료제,항생제,도매",1976-06-14,12월,"대표이사 신영섭, 함은경(각자 대표이사)",http://www.jw-pharma.co.kr,경기도
영풍,유가,000670,1차 비철금속 제조업,"제1차 금속산업(아연괴,황산,카드뮴괴),건전지 제조,무역",1976-06-12,12월,김기호,http://www.ypzinc.co.kr,서울특별시
PKC,유가,001340,기초 화학물질 제조업,"가성소다,합성염산 제조,판매",1976-06-10,12월,윤해구,http://www.pkc.kr,전북특별자치도
성창기업지주,유가,000180,회사 본부 및 경영 컨설팅 서비스업,"합판, 마루, 파티클보드, 우드칩, 포르말린 등 제조",1976-06-02,12월,우인석,http://www.sce.kr,부산광역시
한창,유가,005110,기계장비 및 관련 물품 도매업,"소화기, 통신장비 유통",1976-06-01,12월,이동우,http://www.hanchang.co.kr,부산광역시
삼화왕관,유가,004450,기타 금속 가공제품 제조업,"납세용 일반병마개,알루미늄캡,플라스틱캡 제조,판매,금속인쇄,수출",1976-05-28,12월,고기영,http://www.samhwa.co.kr,경기도
KR모터스,유가,000040,그외 기타 운송장비 제조업,"이륜차(오토바이) 제조,도매",1976-05-25,12월,정재경,http://www.krmotors.com,경상남도
고려제강,유가,002240,1차 철강 제조업,"PC강선,선재 2차제품,와이어로프,비드와이어,SC(Surpass Coat) Stand,각종선재 제조,도매",1976-05-25,12월,주종대,http://www.kiswire.com,부산광역시
태양금속공업,유가,004100,자동차 신품 부품 제조업,"자동차용 강력볼트,너트,전기전자제품용 나사,자전거부품,전해동박,도금도장설비 제조",1976-05-25,12월,한우삼. 한하워드성(각자 대표이사),http://www.taeyangmetal.com,경기도
SUN&L,유가,002820,플라스틱제품 제조업,"펌프 디스펜서, 스프레이 트리거",1976-05-22,12월,이윤규,http://sunandl.com/,인천광역시
DRB동일,유가,004840,고무제품 제조업,"고무벨트(V벨트,콘베이어벨트,평벨트),프라스틱제품 제조,판매",1976-05-21,12월,조현민,http://www.drbworld.com,부산광역시
넥센타이어,유가,002350,고무제품 제조업,"타이어,후랩,고무제타이어(승용자동차용,래디알구조) 제조",1976-05-19,12월,대표이사 부회장 강호찬 대표이사 사 장 김현석,http://www.nexentire.com,경상남도
SG세계물산,유가,004060,상품 종합 도매업,"피복류,봉제품,P.E제품 수출입,도매,제조/조경사업",1976-04-19,12월,이의범,http://www.sgsegye.com,서울특별시
롯데정밀화학,유가,004000,기초 화학물질 제조업,"염소·셀룰로스계열, 암모니아 계열, 전자재료 등 화학제품 제조",1976-04-15,12월,정승원,http://www.lottefinechem.com,울산광역시
동화약품,유가,000020,의약품 제조업,"의약품 제조,판매,수출입",1976-03-24,12월,"유준하, 윤인호(각자 대표이사)",http://www.dong-wha.co.kr,서울특별시
DL,유가,000210,기초 화학물질 제조업,지주회사,1976-02-02,12월,김종현,http://www.dlholdings.co.kr,서울특별시
LX인터내셔널,유가,001120,상품 중개업,"전자,기계,화공,유류.금속,의류 수출입,도소매",1976-01-30,12월,구혁서,http://www.lxinternational.com,서울특별시
국제약품,유가,002720,의약품 제조업,"항생제,안약,제약 제조,도매",1975-12-27,12월,남태훈,http://www.kukjepharm.co.kr,경기도
태광산업,유가,003240,화학섬유 제조업,"석유화학제품(PTA,AN),화섬사,직물 등",1975-12-27,12월,"이부의, 정인철(공동 대표이사)",http://www.taekwang.co.kr,서울특별시
부산주공,유가,005030,자동차 신품 부품 제조업,"자동차부품(엔진부품,조향장치부품,브레이장치부품,오토미셧부품) 제조,도매/부동산 임대",1975-12-26,12월,장세훈,http://www.pci21c.com,부산광역시
CS홀딩스,유가,000590,기타 금융업,"브랜드 수익, 자회사 배당",1975-12-22,12월,장원영,http://www.chosunwelding.com,경상북도
DB하이텍,유가,000990,반도체 제조업,반도체 제조,1975-12-12,12월,조기석,http://www.dbhitek.co.kr,경기도
대림통상,유가,006570,기타 금속 가공제품 제조업,"수전금구,비데,위생도기,샤워부스,타일,양식기,무역",1975-11-20,12월,"고은희, 이상원",http://www.dlt.co.kr,서울특별시
유유제약,유가,000220,의약품 제조업,"의약품 제조,판매",1975-11-18,12월,"유원상, 박노용(각자대표)",http://www.yuyu.co.kr,충청북도
강남제비스코,유가,000860,기타 화학제품 제조업,"도료(페인트,락카,신나,에나멜,바니쉬),안료 제조,판매",1975-11-12,12월,김재현,http://www.jevisco.com,부산광역시
대신증권,유가,003540,금융 지원 서비스업,"유가증권 위탁매매,인수주선,자기매매 기타 금융서비스",1975-10-01,12월,진승욱,http://www.daishin.com,서울특별시
NH투자증권,유가,005940,금융 지원 서비스업,"증권업,종합금융",1975-09-30,12월,"신재욱, 배광수",http://www.nhqv.com,서울특별시
미래에셋증권,유가,006800,금융 지원 서비스업,"유가증권매매,유가증권위탁매매,유가증권인수",1975-09-30,12월,"김미섭, 허선호",http://securities.miraeasset.com,서울특별시
신일전자,유가,002700,기계장비 및 관련 물품 도매업,"가정용 전기기구(선풍기,난로,세탁기),전자기구,연구기구 제조,수출입",1975-09-30,12월,정윤석,http://www.shinil.co.kr,충청남도
삼성제약,유가,001360,의약품 제조업,"의약품(까스명수,쓸기담,에프킬라에어졸,액체우황청심원) 제조,도매",1975-07-04,12월,정성택 대표이사,http://www.sspharm.co.kr,경기도
삼성화재해상보험,유가,000810,보험업,"손해보험의 원수,재보험,운용자산의 투자활동",1975-06-30,12월,이문화,http://www.samsungfire.com,서울특별시
삼양식품,유가,003230,기타 식품 제조업,"라면,스낵,유제품,장유,식용유,사료,향신료,건강음료(루이보스 티) 제조,도매",1975-06-30,12월,"김정수, 김동찬",http://www.samyangfoods.com,서울특별시
한화손해보험,유가,000370,보험업,손해보험,1975-06-30,12월,나채범,http://www.hwgeneralins.com/,서울특별시
NI스틸,유가,008260,1차 철강 제조업,"스틸파이프,철강재임가공 제조,도매",1975-06-28,12월,이창환,http://www.hcr4u.com,서울특별시
일동홀딩스,유가,000230,의약품 제조업,"의약품 제조,도매",1975-06-28,12월,최규환,http://www.ildong.com,서울특별시
대동,유가,000490,특수 목적용 기계 제조업,"경운기,트랙터,이앙기,바인더,수확기(콤바인),농업용엔진 및 부품 제조,판매",1975-06-27,12월,"김준식, 원유현",http://www.daedong.co.kr,대구광역시
오리온홀딩스,유가,001800,기타 금융업,자회사 관리 지주사업 등,1975-06-27,12월,허인철,http://www.oriongroup.co.kr,서울특별시
깨끗한나라,유가,004540,"펄프, 종이 및 판지 제조업","펄프,판지원지,화장지 제조,수출입",1975-06-25,12월,이동열,http://www.kleannara.com,서울특별시
태원물산,유가,001420,자동차 신품 부품 제조업,"자동차부품,워터펌프,인산정제석고,건축자재(불연내장재), 제조,수출입",1975-06-24,12월,남기영,http://www.twms.co.kr,서울특별시
코오롱,유가,002020,기타 금융업,지주회사,1975-06-23,12월,"안병덕, 이규호",http://www.kolon.com,경기도
삼성전자,유가,005930,통신 및 방송 장비 제조업,"통신 및 방송 장비 제조(무선) 제품, 반도체 제조(메모리) 제품, 전자부품 제조(디스플레이) 제품, 영상 및 음향기기 제조(영상기기) 제품 등",1975-06-11,12월,"전영현, 노태문",http://www.samsung.com/sec,경기도
DH오토넥스,유가,000300,자동차 신품 부품 제조업,자동차부품제조,1975-06-09,12월,김영식,http://dhautonex.co.kr,전북특별자치도
BYC,유가,001460,봉제의복 제조업,"메리야스,란제리 제조,도매/건축공사/부동산 임대,분양,공급",1975-06-02,12월,김 대 환,http://home.byc.co.kr,서울특별시
KG모빌리티,유가,003620,자동차용 엔진 및 자동차 제조업,"자동차,자동차부품,차륜,정비 제조/도소매",1975-05-29,12월,"곽재선, 황기영 (각자대표이사)",http://www.kg-mobility.com,경기도
삼립,유가,005610,기타 식품 제조업,"빵,아이스크림,과자,케익,유산균음료,인스턴트식품,병조림,면류,식용유 제조,판매",1975-05-02,12월,"도세호, 정인호 (각자 대표이사)",http://www.spcsamlip.co.kr,경기도
흥국화재,유가,000540,보험업,손해보험,1974-12-05,12월,김대현,http://www.insurance.co.kr,서울특별시
일양약품,유가,007570,의약품 제조업,"일반의약품(원비디,영비천,아진탈,디세텔,노루모산),항암제(베타-이뮤난),전문의약품 제조,판매,수출입",1974-08-28,12월,정유석,http://www.ilyang.co.kr,경기도
한진,유가,002320,도로 화물 운송업,"포장화물,택배산업,항만하역,고속버스사업,운수보관",1974-08-12,12월,노삼석,http://www.hanjin.com,서울특별시
한국수출포장공업,유가,002200,"골판지, 종이 상자 및 종이용기 제조업","골판지상자,골판지원지 제조,판매",1974-06-28,12월,대표이사 회장 허용삼 대표이사 사장 허정훈(각자대표이사),http://www.keppack.co.kr,서울특별시
현대자동차,유가,005380,자동차용 엔진 및 자동차 제조업,"자동차(승용차,버스,트럭,특장차),자동차부품,자동차전착도료 제조,차량정비사업",1974-06-28,12월,"정의선, 무뇨스 바르셀로 호세 안토니오, 최영일(각자 대표이사)",http://www.hyundai.com,서울특별시
모나미,유가,005360,생활용품 도매업,"BP153(BALL POINT PEN), P-3000(PLUS PEN), 유성매직, 보드마카, 네임펜, PARKER, WARTERMAN, 색연필",1974-06-26,12월,송하윤,http://www.monami.com,경기도
한화솔루션,유가,009830,기초 화학물질 제조업,"합성수지,유화부문(LDPE,LLDPE)제품 제조,플라스틱가공품(PVC),CA,무기화학제품,부동산업",1974-06-19,12월,"박승덕, 남정운, 김동관",http://hcc.hanwha.co.kr,서울특별시
아세아,유가,002030,회사 본부 및 경영 컨설팅 서비스업,"회사본부,지주회사 및 경영컨설팅 서비스업",1974-06-03,12월,"이훈범, 오기호",http://asiaholdings.co.kr,서울특별시
카프로,유가,006380,기초 화학물질 제조업,"카프로락탐,유안비료 제조",1974-05-28,12월,박성명,http://www.hcccapro.co.kr,울산광역시
롯데지주,유가,004990,기타 금융업,지주회사,1974-02-16,12월,"신동빈, 고정욱, 노준형",http://www.lotte.co.kr,서울특별시
대한방직,유가,001070,직물직조 및 직물제품 제조업,"면사,화섬사,면직물 제조,판매,건설",1973-12-28,12월,"설 범, 김 인호",http://www.thtc.co.kr,서울특별시
서울식품공업,유가,004410,기타 식품 제조업,"빵,스넥,마아가린,유지류,사료 제조,도매",1973-12-28,12월,서인호,http://seoul-food.co.kr,충청북도
LS네트웍스,유가,000680,상품 종합 도매업,"혁화,의류,등산용품 도매,제조/부동산 임대",1973-11-15,12월,도석구,http://www.lsnetworks.co.kr,경상남도
금호전기,유가,001210,전구 및 조명장치 제조업,"형광등,백열전구,전구식현광등,실드빔(차량용전조) 제조,판매",1973-11-15,12월,이홍민,http://www.khe.co.kr,서울특별시
하이트진로홀딩스,유가,000140,기타 금융업,지주회사,1973-09-19,12월,장인섭,http://www.hitejinroholdings.com,서울특별시
노루홀딩스,유가,000320,기타 금융업,지주사업,1973-08-10,12월,한영재,http://www.norooholdings.co.kr,경기도
기아,유가,000270,자동차용 엔진 및 자동차 제조업,"승용차,중대형버스,트럭,민수특수차량,군수차량 제조,판매,정비",1973-07-21,12월,"송호성, 송민수(각자 대표이사)",http://www.kia.co.kr,서울특별시
효성,유가,004800,기타 금융업,"스판덱스,합성원사,나일론,폴리에스터,타이어코드지,PET병,수지제품,중전기제품(변압기,차단기),사무용기계,컴퓨터 제조/건축공사",1973-06-30,12월,"조현준, 황윤언",http://www.hyosung.com,서울특별시
CJ,유가,001040,기타 금융업,지주회사,1973-06-29,12월,"손경식, 김홍기",http://www.cj.net,서울특별시
두산,유가,000150,전자부품 제조업,"동박적층판 등 제조 및 판매, 유압기기 등 제조 및 판매, 지게차 제조 및 판매, IT 시스템 개발/운영 서비스 등, 연료전지 등",1973-06-29,12월,"박정원, 김민철, 유승우",http://www.doosancorp.co.kr,서울특별시
휴스틸,유가,005010,1차 철강 제조업,"강관(배관용,구조용,유정용) 제조,도매",1973-06-29,12월,"박훈, 윤형원(각자 대표이사)",http://www.husteel.com,서울특별시
DB손해보험,유가,005830,보험업,"자동차보험,화재보험,해상보험,특종보험,장기보험",1973-06-28,12월,"김정남, 정종표",http://www.idbins.com,서울특별시
TYM,유가,002900,특수 목적용 기계 제조업,"농기계,연초용필터,금속제양식기,철강압연 제조,도매,수출입/신문서적 수출입,판매",1973-06-26,12월,"김희용, 김소원",http://tym.world,서울특별시
대웅,유가,003090,의약품 제조업,"지주회사/의약품,화공약품,농예약품,위생용품,의료용구,식품,전기전자기구,부품 제조,판매",1973-06-26,12월,윤재춘,http://www.daewoong.com/,경기도
진양산업,유가,003780,플라스틱제품 제조업,"합성수지,폴리우레탄스폰지 제조,도매,수출입",1973-06-26,12월,최원석,http://www.cyc1963.com,경상남도
영진약품,유가,003520,의약품 제조업,"의약품(드링크제,항생제,영양수액제),의약부외품 제조,판매",1973-06-25,12월,이기수,http://www.yungjin.co.kr,서울특별시
케이씨씨,유가,002380,기타 화학제품 제조업,"건축용단열재,내외장재,스레트,밤라이트,암면,석고보드,판유리 제조",1973-06-25,12월,"정몽진, 정재훈",http://www.kccworld.co.kr,서울특별시
롯데칠성음료,유가,005300,비알코올음료 및 얼음 제조업,"청량음료,과채류음료,곡류음료,주류 제조,판매/자동차정비,연수원",1973-06-21,12월,박윤기,http://company.lottechilsung.co.kr,서울특별시
일신방직,유가,003200,방적 및 가공사 제조업,"면사,P/C혼방사,P/C혼방직물,화섬사 제조,수출",1973-05-23,12월,김정수,http://www.ilshin.co.kr,서울특별시
아모레퍼시픽홀딩스,유가,002790,기타 화학제품 제조업,지주회사,1973-04-30,12월,"서경배, 이상목",http://www.apgroup.com,서울특별시
제주은행,유가,006220,은행 및 저축기관,"은행업무,외국환업무,신탁업무",1972-12-28,12월,이희수,http://www.e-jejubank.com,제주특별자치도
한솔홀딩스,유가,004150,기타 금융업,"지주회사,경영자문컨설팅",1972-05-17,12월,이명길,http://www.hansol.com,서울특별시
벽산,유가,007210,기타 비금속 광물제품 제조업,"단열재, 천장재, 외장재, 내장재, 외단열, 바닥재 등",1972-01-04,12월,김 성 식,http://www.byucksan.com,서울특별시
롯데손해보험,유가,000400,보험업,손해보험업,1971-04-16,12월,이은호,http://www.lotteins.co.kr,서울특별시
대한제분,유가,001130,"곡물가공품, 전분 및 전분제품 제조업","소맥분,토코밀,프리믹스,밀가루조제품,제분부산물 제조/파스타 수입,판매",1970-11-25,12월,이진성,http://www.dhflour.co.kr,서울특별시
대상,유가,001680,기타 식품 제조업,"전분,라이신,물엿,과당,포도당,MSG및 사료,조미료,항생제,핵산,커피 제조,도매/토목공사,건축공사",1970-04-01,12월,임정배,http://www.daesang.co.kr,서울특별시
LG,유가,003550,기타 금융업,지주회사,1970-02-13,12월,"구광모, 권봉석",http://www.lg.co.kr,서울특별시
동아쏘시오홀딩스,유가,000640,기타 금융업,"의약품(피로회복제/박카스,병원용의약품),비의약품(의료기기,염모제,가글제) 제조,도소매/화장품 생산",1970-02-10,12월,김민영,http://www.donga.co.kr,서울특별시
코리안리,유가,003690,재 보험업,금융보험/부동산 임대,1969-12-22,12월,원종규,http://www.koreanre.co.kr,서울특별시
한국주철관공업,유가,000970,1차 철강 제조업,"수도용주철관,강관 제조",1969-12-12,12월,"김태형, 이창훈, 김영훈 (각자대표제)",http://www.kcip.co.kr,부산광역시
한일홀딩스,유가,003300,"시멘트, 석회, 플라스터 및 그 제품 제조업",지주사업,1969-11-20,12월,"허기호, 박지훈",http://www.hanil.com,서울특별시
엔피씨,유가,004250,플라스틱제품 제조업,"산업용기프라스틱제품(플라스틱 파렛트,시트 파렛트) 제조,판매",1969-09-08,12월,"나창엽,양창영,심일식(각자 대표이사)",http://www.npc.co.kr,경기도
세아제강지주,유가,003030,기타 금융업,경영컨설팅업,1969-05-13,12월,"이주성, 조영빈",http://www.seahsteel.co.kr/company/holdings/,서울특별시
대한전선,유가,001440,절연선 및 케이블 제조업,"전력선,통신케이블,적산계기,스텐레스압연제품,광케이블,초고압선,알루미늄 제조,도매/전기공사",1968-12-27,12월,송종민,http://www.taihan.com,경기도
대한제당,유가,001790,"곡물가공품, 전분 및 전분제품 제조업","제당,가축용 배합사료,설탕,기능성감미료(자일로올리고당),외식산 제조,도소매/부동산 임대",1968-12-27,12월,강승우,http://www.ts.co.kr,인천광역시
삼양홀딩스,유가,000070,기타 금융업,"지주회사,경영자문컨설팅",1968-12-27,12월,엄태웅,http://www.samyang.com,서울특별시
세기상사,유가,002420,연료 소매업,"극장(영화상영)/극영화,만화영화 제조/음식료품,일용잡화 소매/부동산 임대",1968-12-27,12월,조영준,http://www.daehancinema.co.kr,서울특별시
한국앤컴퍼니,유가,000240,기타 금융업,비금융지주회사,1968-12-27,12월,"박종호, 김준현(2인, 각자 대표이사)",http://www.hankook-technologygroup.com,경기도
전방,유가,000950,방적 및 가공사 제조업,"면사,면혼방사,마혼방사,화섬사,염색사,자수사,소모사,면직물,면혼방직물,화섬직물,특수가공직물 제조,판매,수출",1968-10-21,12월,조덕현,http://www.chonbang.co.kr,서울특별시
대한항공,유가,003490,항공 여객 운송업,"여객운송,화물운송,항공기 제조,판매,정비수리/기내식 제조판매,면세품 판매",1966-03-18,12월,"조원태, 우기홍",http://www.koreanair.com,서울특별시
디아이동일,유가,001530,상품 중개업,"면사,화섬사,면포,혼방포,스포츠웨어용 신합섬 제조,도매,수출",1964-01-04,12월,"서태원, 손재선, 박찬규",http://www.dong-il.com,서울특별시
유한양행,유가,000100,의약품 제조업,"의약품(삐콤씨, 안티푸라민, 렉라자, 로수바미브, 코푸시럽 등), 생활용품(유한락스, 해피홈, 유한젠), 동물약품",1962-11-01,12월,대표이사 조욱제,http://www.yuhan.co.kr,서울특별시
CJ대한통운,유가,000120,도로 화물 운송업,"Contract Logistics, 포워딩, 항만하역, 해운, 택배국제특송, SCM Consulting",1956-07-02,12월,"신영수, 민영학 (각자 대표)",http://www.cjlogistics.com,서울특별시
경방,유가,000050,종합 소매업,"섬유류(면사,면혼방사,면직물,면혼방직물,화섬사,화섬직물) 제조,도매,수출입",1956-03-03,12월,"김준, 김담",http://www.kyungbang.co.kr,서울특별시
유수홀딩스,유가,000700,회사 본부 및 경영 컨설팅 서비스업,지주사업,1956-03-03,12월,송영규,http://www.eusu-holdings.com,서울특별시
한진중공업홀딩스,유가,003480,연료용 가스 제조 및 배관공급업,지주회사,1956-03-03,12월,조원국,http://www.hhic-holdings.com,경기도
